case_name,step,bit,c0,c1,observations,p0,p1,halved
case_a,1,0,1,0,3,0.666667,0.333333,0
case_a,2,0,2,0,4,0.750000,0.250000,0
case_a,3,0,3,0,5,0.800000,0.200000,0
case_a,4,0,4,0,6,0.833333,0.166667,0
case_a,5,0,5,0,7,0.857143,0.142857,0
case_a,6,0,6,0,8,0.875000,0.125000,0
case_a,7,0,7,0,9,0.888889,0.111111,0
case_a,8,0,8,0,10,0.900000,0.100000,0
case_a,9,0,9,0,11,0.909091,0.090909,0
case_a,10,0,10,0,12,0.916667,0.083333,0
case_a,11,0,11,0,13,0.923077,0.076923,0
case_a,12,0,12,0,14,0.928571,0.071429,0
case_a,13,0,13,0,15,0.933333,0.066667,0
case_a,14,0,14,0,16,0.937500,0.062500,0
case_a,15,0,15,0,17,0.941176,0.058824,0
case_a,16,0,16,0,18,0.944444,0.055556,0
case_a,17,0,17,0,19,0.947368,0.052632,0
case_a,18,0,18,0,20,0.950000,0.050000,0
case_a,19,0,19,0,21,0.952381,0.047619,0
case_a,20,0,20,0,22,0.954545,0.045455,0
case_a,21,0,21,0,23,0.956522,0.043478,0
case_a,22,0,22,0,24,0.958333,0.041667,0
case_a,23,0,23,0,25,0.960000,0.040000,0
case_a,24,0,24,0,26,0.961538,0.038462,0
case_a,25,0,25,0,27,0.962963,0.037037,0
case_a,26,0,26,0,28,0.964286,0.035714,0
case_a,27,0,27,0,29,0.965517,0.034483,0
case_a,28,0,28,0,30,0.966667,0.033333,0
case_a,29,0,29,0,31,0.967742,0.032258,0
case_a,30,0,30,0,32,0.968750,0.031250,0
case_a,31,0,31,0,33,0.969697,0.030303,0
case_a,32,0,32,0,34,0.970588,0.029412,0
case_a,33,0,33,0,35,0.971429,0.028571,0
case_a,34,0,34,0,36,0.972222,0.027778,0
case_a,35,0,35,0,37,0.972973,0.027027,0
case_a,36,0,36,0,38,0.973684,0.026316,0
case_a,37,0,37,0,39,0.974359,0.025641,0
case_a,38,0,38,0,40,0.975000,0.025000,0
case_a,39,0,39,0,41,0.975610,0.024390,0
case_a,40,0,40,0,42,0.976190,0.023810,0
case_a,41,0,41,0,43,0.976744,0.023256,0
case_a,42,0,42,0,44,0.977273,0.022727,0
case_a,43,0,43,0,45,0.977778,0.022222,0
case_a,44,0,44,0,46,0.978261,0.021739,0
case_a,45,0,45,0,47,0.978723,0.021277,0
case_a,46,0,46,0,48,0.979167,0.020833,0
case_a,47,0,47,0,49,0.979592,0.020408,0
case_a,48,0,48,0,50,0.980000,0.020000,0
case_a,49,0,49,0,51,0.980392,0.019608,0
case_a,50,0,50,0,52,0.980769,0.019231,0
case_a,51,0,51,0,53,0.981132,0.018868,0
case_a,52,0,52,0,54,0.981481,0.018519,0
case_a,53,0,53,0,55,0.981818,0.018182,0
case_a,54,0,54,0,56,0.982143,0.017857,0
case_a,55,0,55,0,57,0.982456,0.017544,0
case_a,56,0,56,0,58,0.982759,0.017241,0
case_a,57,0,57,0,59,0.983051,0.016949,0
case_a,58,0,58,0,60,0.983333,0.016667,0
case_a,59,0,59,0,61,0.983607,0.016393,0
case_a,60,0,60,0,62,0.983871,0.016129,0
case_a,61,0,61,0,63,0.984127,0.015873,0
case_a,62,0,62,0,64,0.984375,0.015625,0
case_a,63,0,31,0,33,0.969697,0.030303,1
case_a,64,0,32,0,34,0.970588,0.029412,0
case_a,65,1,32,1,35,0.942857,0.057143,0
case_a,66,1,32,2,36,0.916667,0.083333,0
case_a,67,1,32,3,37,0.891892,0.108108,0
case_a,68,1,32,4,38,0.868421,0.131579,0
case_a,69,1,32,5,39,0.846154,0.153846,0
case_a,70,1,32,6,40,0.825000,0.175000,0
case_a,71,1,32,7,41,0.804878,0.195122,0
case_a,72,1,32,8,42,0.785714,0.214286,0
case_a,73,1,32,9,43,0.767442,0.232558,0
case_a,74,1,32,10,44,0.750000,0.250000,0
case_a,75,1,32,11,45,0.733333,0.266667,0
case_a,76,1,32,12,46,0.717391,0.282609,0
case_a,77,1,32,13,47,0.702128,0.297872,0
case_a,78,1,32,14,48,0.687500,0.312500,0
case_a,79,1,32,15,49,0.673469,0.326531,0
case_a,80,1,32,16,50,0.660000,0.340000,0
case_a,81,1,32,17,51,0.647059,0.352941,0
case_a,82,1,32,18,52,0.634615,0.365385,0
case_a,83,1,32,19,53,0.622642,0.377358,0
case_a,84,1,32,20,54,0.611111,0.388889,0
case_a,85,1,32,21,55,0.600000,0.400000,0
case_a,86,1,32,22,56,0.589286,0.410714,0
case_a,87,1,32,23,57,0.578947,0.421053,0
case_a,88,1,32,24,58,0.568966,0.431034,0
case_a,89,1,32,25,59,0.559322,0.440678,0
case_a,90,1,32,26,60,0.550000,0.450000,0
case_a,91,1,32,27,61,0.540984,0.459016,0
case_a,92,1,32,28,62,0.532258,0.467742,0
case_a,93,1,32,29,63,0.523810,0.476190,0
case_a,94,1,32,30,64,0.515625,0.484375,0
case_a,95,1,16,15,33,0.515152,0.484848,1
case_a,96,1,16,16,34,0.500000,0.500000,0
case_a,97,1,16,17,35,0.485714,0.514286,0
case_a,98,1,16,18,36,0.472222,0.527778,0
case_a,99,1,16,19,37,0.459459,0.540541,0
case_a,100,1,16,20,38,0.447368,0.552632,0
case_a,101,1,16,21,39,0.435897,0.564103,0
case_a,102,1,16,22,40,0.425000,0.575000,0
case_a,103,1,16,23,41,0.414634,0.585366,0
case_a,104,1,16,24,42,0.404762,0.595238,0
case_a,105,1,16,25,43,0.395349,0.604651,0
case_a,106,1,16,26,44,0.386364,0.613636,0
case_a,107,1,16,27,45,0.377778,0.622222,0
case_a,108,1,16,28,46,0.369565,0.630435,0
case_a,109,1,16,29,47,0.361702,0.638298,0
case_a,110,1,16,30,48,0.354167,0.645833,0
case_a,111,1,16,31,49,0.346939,0.653061,0
case_a,112,1,16,32,50,0.340000,0.660000,0
case_a,113,1,16,33,51,0.333333,0.666667,0
case_a,114,1,16,34,52,0.326923,0.673077,0
case_a,115,1,16,35,53,0.320755,0.679245,0
case_a,116,1,16,36,54,0.314815,0.685185,0
case_a,117,1,16,37,55,0.309091,0.690909,0
case_a,118,1,16,38,56,0.303571,0.696429,0
case_a,119,1,16,39,57,0.298246,0.701754,0
case_a,120,1,16,40,58,0.293103,0.706897,0
case_a,121,1,16,41,59,0.288136,0.711864,0
case_a,122,1,16,42,60,0.283333,0.716667,0
case_a,123,1,16,43,61,0.278689,0.721311,0
case_a,124,1,16,44,62,0.274194,0.725806,0
case_a,125,1,16,45,63,0.269841,0.730159,0
case_a,126,1,16,46,64,0.265625,0.734375,0
case_a,127,1,8,23,33,0.272727,0.727273,1
case_a,128,1,8,24,34,0.264706,0.735294,0
case_b,1,0,1,0,3,0.666667,0.333333,0
case_b,2,0,2,0,4,0.750000,0.250000,0
case_b,3,0,3,0,5,0.800000,0.200000,0
case_b,4,0,4,0,6,0.833333,0.166667,0
case_b,5,0,5,0,7,0.857143,0.142857,0
case_b,6,0,6,0,8,0.875000,0.125000,0
case_b,7,0,7,0,9,0.888889,0.111111,0
case_b,8,0,8,0,10,0.900000,0.100000,0
case_b,9,0,9,0,11,0.909091,0.090909,0
case_b,10,0,10,0,12,0.916667,0.083333,0
case_b,11,0,11,0,13,0.923077,0.076923,0
case_b,12,0,12,0,14,0.928571,0.071429,0
case_b,13,0,13,0,15,0.933333,0.066667,0
case_b,14,0,14,0,16,0.937500,0.062500,0
case_b,15,0,15,0,17,0.941176,0.058824,0
case_b,16,0,16,0,18,0.944444,0.055556,0
case_b,17,0,17,0,19,0.947368,0.052632,0
case_b,18,0,18,0,20,0.950000,0.050000,0
case_b,19,0,19,0,21,0.952381,0.047619,0
case_b,20,0,20,0,22,0.954545,0.045455,0
case_b,21,0,21,0,23,0.956522,0.043478,0
case_b,22,0,22,0,24,0.958333,0.041667,0
case_b,23,0,23,0,25,0.960000,0.040000,0
case_b,24,0,24,0,26,0.961538,0.038462,0
case_b,25,0,25,0,27,0.962963,0.037037,0
case_b,26,0,26,0,28,0.964286,0.035714,0
case_b,27,0,27,0,29,0.965517,0.034483,0
case_b,28,0,28,0,30,0.966667,0.033333,0
case_b,29,0,29,0,31,0.967742,0.032258,0
case_b,30,0,30,0,32,0.968750,0.031250,0
case_b,31,0,31,0,33,0.969697,0.030303,0
case_b,32,0,32,0,34,0.970588,0.029412,0
case_b,33,0,33,0,35,0.971429,0.028571,0
case_b,34,0,34,0,36,0.972222,0.027778,0
case_b,35,0,35,0,37,0.972973,0.027027,0
case_b,36,0,36,0,38,0.973684,0.026316,0
case_b,37,0,37,0,39,0.974359,0.025641,0
case_b,38,0,38,0,40,0.975000,0.025000,0
case_b,39,0,39,0,41,0.975610,0.024390,0
case_b,40,0,40,0,42,0.976190,0.023810,0
case_b,41,0,41,0,43,0.976744,0.023256,0
case_b,42,0,42,0,44,0.977273,0.022727,0
case_b,43,0,43,0,45,0.977778,0.022222,0
case_b,44,0,44,0,46,0.978261,0.021739,0
case_b,45,0,45,0,47,0.978723,0.021277,0
case_b,46,0,46,0,48,0.979167,0.020833,0
case_b,47,0,47,0,49,0.979592,0.020408,0
case_b,48,0,48,0,50,0.980000,0.020000,0
case_b,49,0,49,0,51,0.980392,0.019608,0
case_b,50,0,50,0,52,0.980769,0.019231,0
case_b,51,0,51,0,53,0.981132,0.018868,0
case_b,52,0,52,0,54,0.981481,0.018519,0
case_b,53,0,53,0,55,0.981818,0.018182,0
case_b,54,0,54,0,56,0.982143,0.017857,0
case_b,55,0,55,0,57,0.982456,0.017544,0
case_b,56,0,56,0,58,0.982759,0.017241,0
case_b,57,0,57,0,59,0.983051,0.016949,0
case_b,58,0,58,0,60,0.983333,0.016667,0
case_b,59,0,59,0,61,0.983607,0.016393,0
case_b,60,0,60,0,62,0.983871,0.016129,0
case_b,61,0,61,0,63,0.984127,0.015873,0
case_b,62,0,62,0,64,0.984375,0.015625,0
case_b,63,0,31,0,33,0.969697,0.030303,1
case_b,64,0,32,0,34,0.970588,0.029412,0
case_b,65,0,33,0,35,0.971429,0.028571,0
case_b,66,0,34,0,36,0.972222,0.027778,0
case_b,67,0,35,0,37,0.972973,0.027027,0
case_b,68,0,36,0,38,0.973684,0.026316,0
case_b,69,0,37,0,39,0.974359,0.025641,0
case_b,70,0,38,0,40,0.975000,0.025000,0
case_b,71,0,39,0,41,0.975610,0.024390,0
case_b,72,0,40,0,42,0.976190,0.023810,0
case_b,73,0,41,0,43,0.976744,0.023256,0
case_b,74,0,42,0,44,0.977273,0.022727,0
case_b,75,0,43,0,45,0.977778,0.022222,0
case_b,76,0,44,0,46,0.978261,0.021739,0
case_b,77,0,45,0,47,0.978723,0.021277,0
case_b,78,0,46,0,48,0.979167,0.020833,0
case_b,79,0,47,0,49,0.979592,0.020408,0
case_b,80,0,48,0,50,0.980000,0.020000,0
case_b,81,0,49,0,51,0.980392,0.019608,0
case_b,82,0,50,0,52,0.980769,0.019231,0
case_b,83,0,51,0,53,0.981132,0.018868,0
case_b,84,0,52,0,54,0.981481,0.018519,0
case_b,85,0,53,0,55,0.981818,0.018182,0
case_b,86,0,54,0,56,0.982143,0.017857,0
case_b,87,0,55,0,57,0.982456,0.017544,0
case_b,88,0,56,0,58,0.982759,0.017241,0
case_b,89,0,57,0,59,0.983051,0.016949,0
case_b,90,0,58,0,60,0.983333,0.016667,0
case_b,91,0,59,0,61,0.983607,0.016393,0
case_b,92,0,60,0,62,0.983871,0.016129,0
case_b,93,0,61,0,63,0.984127,0.015873,0
case_b,94,0,62,0,64,0.984375,0.015625,0
case_b,95,0,31,0,33,0.969697,0.030303,1
case_b,96,0,32,0,34,0.970588,0.029412,0
case_b,97,0,33,0,35,0.971429,0.028571,0
case_b,98,0,34,0,36,0.972222,0.027778,0
case_b,99,0,35,0,37,0.972973,0.027027,0
case_b,100,0,36,0,38,0.973684,0.026316,0
case_b,101,0,37,0,39,0.974359,0.025641,0
case_b,102,0,38,0,40,0.975000,0.025000,0
case_b,103,0,39,0,41,0.975610,0.024390,0
case_b,104,0,40,0,42,0.976190,0.023810,0
case_b,105,0,41,0,43,0.976744,0.023256,0
case_b,106,0,42,0,44,0.977273,0.022727,0
case_b,107,0,43,0,45,0.977778,0.022222,0
case_b,108,0,44,0,46,0.978261,0.021739,0
case_b,109,0,45,0,47,0.978723,0.021277,0
case_b,110,0,46,0,48,0.979167,0.020833,0
case_b,111,0,47,0,49,0.979592,0.020408,0
case_b,112,0,48,0,50,0.980000,0.020000,0
case_b,113,0,49,0,51,0.980392,0.019608,0
case_b,114,0,50,0,52,0.980769,0.019231,0
case_b,115,0,51,0,53,0.981132,0.018868,0
case_b,116,0,52,0,54,0.981481,0.018519,0
case_b,117,0,53,0,55,0.981818,0.018182,0
case_b,118,0,54,0,56,0.982143,0.017857,0
case_b,119,0,55,0,57,0.982456,0.017544,0
case_b,120,0,56,0,58,0.982759,0.017241,0
case_b,121,0,57,0,59,0.983051,0.016949,0
case_b,122,0,58,0,60,0.983333,0.016667,0
case_b,123,0,59,0,61,0.983607,0.016393,0
case_b,124,0,60,0,62,0.983871,0.016129,0
case_b,125,0,61,0,63,0.984127,0.015873,0
case_b,126,0,62,0,64,0.984375,0.015625,0
case_b,127,0,31,0,33,0.969697,0.030303,1
case_b,128,0,32,0,34,0.970588,0.029412,0
case_b,129,1,32,1,35,0.942857,0.057143,0
case_b,130,1,32,2,36,0.916667,0.083333,0
case_b,131,1,32,3,37,0.891892,0.108108,0
case_b,132,1,32,4,38,0.868421,0.131579,0
case_b,133,1,32,5,39,0.846154,0.153846,0
case_b,134,1,32,6,40,0.825000,0.175000,0
case_b,135,1,32,7,41,0.804878,0.195122,0
case_b,136,1,32,8,42,0.785714,0.214286,0
case_b,137,1,32,9,43,0.767442,0.232558,0
case_b,138,1,32,10,44,0.750000,0.250000,0
case_b,139,1,32,11,45,0.733333,0.266667,0
case_b,140,1,32,12,46,0.717391,0.282609,0
case_b,141,1,32,13,47,0.702128,0.297872,0
case_b,142,1,32,14,48,0.687500,0.312500,0
case_b,143,1,32,15,49,0.673469,0.326531,0
case_b,144,1,32,16,50,0.660000,0.340000,0
case_b,145,1,32,17,51,0.647059,0.352941,0
case_b,146,1,32,18,52,0.634615,0.365385,0
case_b,147,1,32,19,53,0.622642,0.377358,0
case_b,148,1,32,20,54,0.611111,0.388889,0
case_b,149,1,32,21,55,0.600000,0.400000,0
case_b,150,1,32,22,56,0.589286,0.410714,0
case_b,151,1,32,23,57,0.578947,0.421053,0
case_b,152,1,32,24,58,0.568966,0.431034,0
case_b,153,1,32,25,59,0.559322,0.440678,0
case_b,154,1,32,26,60,0.550000,0.450000,0
case_b,155,1,32,27,61,0.540984,0.459016,0
case_b,156,1,32,28,62,0.532258,0.467742,0
case_b,157,1,32,29,63,0.523810,0.476190,0
case_b,158,1,32,30,64,0.515625,0.484375,0
case_b,159,1,16,15,33,0.515152,0.484848,1
case_b,160,1,16,16,34,0.500000,0.500000,0
case_b,161,1,16,17,35,0.485714,0.514286,0
case_b,162,1,16,18,36,0.472222,0.527778,0
case_b,163,1,16,19,37,0.459459,0.540541,0
case_b,164,1,16,20,38,0.447368,0.552632,0
case_b,165,1,16,21,39,0.435897,0.564103,0
case_b,166,1,16,22,40,0.425000,0.575000,0
case_b,167,1,16,23,41,0.414634,0.585366,0
case_b,168,1,16,24,42,0.404762,0.595238,0
case_b,169,1,16,25,43,0.395349,0.604651,0
case_b,170,1,16,26,44,0.386364,0.613636,0
case_b,171,1,16,27,45,0.377778,0.622222,0
case_b,172,1,16,28,46,0.369565,0.630435,0
case_b,173,1,16,29,47,0.361702,0.638298,0
case_b,174,1,16,30,48,0.354167,0.645833,0
case_b,175,1,16,31,49,0.346939,0.653061,0
case_b,176,1,16,32,50,0.340000,0.660000,0
case_b,177,1,16,33,51,0.333333,0.666667,0
case_b,178,1,16,34,52,0.326923,0.673077,0
case_b,179,1,16,35,53,0.320755,0.679245,0
case_b,180,1,16,36,54,0.314815,0.685185,0
case_b,181,1,16,37,55,0.309091,0.690909,0
case_b,182,1,16,38,56,0.303571,0.696429,0
case_b,183,1,16,39,57,0.298246,0.701754,0
case_b,184,1,16,40,58,0.293103,0.706897,0
case_b,185,1,16,41,59,0.288136,0.711864,0
case_b,186,1,16,42,60,0.283333,0.716667,0
case_b,187,1,16,43,61,0.278689,0.721311,0
case_b,188,1,16,44,62,0.274194,0.725806,0
case_b,189,1,16,45,63,0.269841,0.730159,0
case_b,190,1,16,46,64,0.265625,0.734375,0
case_b,191,1,8,23,33,0.272727,0.727273,1
case_b,192,1,8,24,34,0.264706,0.735294,0
case_b,193,1,8,25,35,0.257143,0.742857,0
case_b,194,1,8,26,36,0.250000,0.750000,0
case_b,195,1,8,27,37,0.243243,0.756757,0
case_b,196,1,8,28,38,0.236842,0.763158,0
case_b,197,1,8,29,39,0.230769,0.769231,0
case_b,198,1,8,30,40,0.225000,0.775000,0
case_b,199,1,8,31,41,0.219512,0.780488,0
case_b,200,1,8,32,42,0.214286,0.785714,0
case_b,201,1,8,33,43,0.209302,0.790698,0
case_b,202,1,8,34,44,0.204545,0.795455,0
case_b,203,1,8,35,45,0.200000,0.800000,0
case_b,204,1,8,36,46,0.195652,0.804348,0
case_b,205,1,8,37,47,0.191489,0.808511,0
case_b,206,1,8,38,48,0.187500,0.812500,0
case_b,207,1,8,39,49,0.183673,0.816327,0
case_b,208,1,8,40,50,0.180000,0.820000,0
case_b,209,1,8,41,51,0.176471,0.823529,0
case_b,210,1,8,42,52,0.173077,0.826923,0
case_b,211,1,8,43,53,0.169811,0.830189,0
case_b,212,1,8,44,54,0.166667,0.833333,0
case_b,213,1,8,45,55,0.163636,0.836364,0
case_b,214,1,8,46,56,0.160714,0.839286,0
case_b,215,1,8,47,57,0.157895,0.842105,0
case_b,216,1,8,48,58,0.155172,0.844828,0
case_b,217,1,8,49,59,0.152542,0.847458,0
case_b,218,1,8,50,60,0.150000,0.850000,0
case_b,219,1,8,51,61,0.147541,0.852459,0
case_b,220,1,8,52,62,0.145161,0.854839,0
case_b,221,1,8,53,63,0.142857,0.857143,0
case_b,222,1,8,54,64,0.140625,0.859375,0
case_b,223,1,4,27,33,0.151515,0.848485,1
case_b,224,1,4,28,34,0.147059,0.852941,0
case_b,225,1,4,29,35,0.142857,0.857143,0
case_b,226,1,4,30,36,0.138889,0.861111,0
case_b,227,1,4,31,37,0.135135,0.864865,0
case_b,228,1,4,32,38,0.131579,0.868421,0
case_b,229,1,4,33,39,0.128205,0.871795,0
case_b,230,1,4,34,40,0.125000,0.875000,0
case_b,231,1,4,35,41,0.121951,0.878049,0
case_b,232,1,4,36,42,0.119048,0.880952,0
case_b,233,1,4,37,43,0.116279,0.883721,0
case_b,234,1,4,38,44,0.113636,0.886364,0
case_b,235,1,4,39,45,0.111111,0.888889,0
case_b,236,1,4,40,46,0.108696,0.891304,0
case_b,237,1,4,41,47,0.106383,0.893617,0
case_b,238,1,4,42,48,0.104167,0.895833,0
case_b,239,1,4,43,49,0.102041,0.897959,0
case_b,240,1,4,44,50,0.100000,0.900000,0
case_b,241,1,4,45,51,0.098039,0.901961,0
case_b,242,1,4,46,52,0.096154,0.903846,0
case_b,243,1,4,47,53,0.094340,0.905660,0
case_b,244,1,4,48,54,0.092593,0.907407,0
case_b,245,1,4,49,55,0.090909,0.909091,0
case_b,246,1,4,50,56,0.089286,0.910714,0
case_b,247,1,4,51,57,0.087719,0.912281,0
case_b,248,1,4,52,58,0.086207,0.913793,0
case_b,249,1,4,53,59,0.084746,0.915254,0
case_b,250,1,4,54,60,0.083333,0.916667,0
case_b,251,1,4,55,61,0.081967,0.918033,0
case_b,252,1,4,56,62,0.080645,0.919355,0
case_b,253,1,4,57,63,0.079365,0.920635,0
case_b,254,1,4,58,64,0.078125,0.921875,0
case_b,255,1,2,29,33,0.090909,0.909091,1
case_b,256,1,2,30,34,0.088235,0.911765,0
case_c,1,0,1,0,3,0.666667,0.333333,0
case_c,2,1,1,1,4,0.500000,0.500000,0
case_c,3,0,2,1,5,0.600000,0.400000,0
case_c,4,1,2,2,6,0.500000,0.500000,0
case_c,5,0,3,2,7,0.571429,0.428571,0
case_c,6,1,3,3,8,0.500000,0.500000,0
case_c,7,0,4,3,9,0.555556,0.444444,0
case_c,8,1,4,4,10,0.500000,0.500000,0
case_c,9,0,5,4,11,0.545455,0.454545,0
case_c,10,1,5,5,12,0.500000,0.500000,0
case_c,11,0,6,5,13,0.538462,0.461538,0
case_c,12,1,6,6,14,0.500000,0.500000,0
case_c,13,0,7,6,15,0.533333,0.466667,0
case_c,14,1,7,7,16,0.500000,0.500000,0
case_c,15,0,8,7,17,0.529412,0.470588,0
case_c,16,1,8,8,18,0.500000,0.500000,0
case_c,17,0,9,8,19,0.526316,0.473684,0
case_c,18,1,9,9,20,0.500000,0.500000,0
case_c,19,0,10,9,21,0.523810,0.476190,0
case_c,20,1,10,10,22,0.500000,0.500000,0
case_c,21,0,11,10,23,0.521739,0.478261,0
case_c,22,1,11,11,24,0.500000,0.500000,0
case_c,23,0,12,11,25,0.520000,0.480000,0
case_c,24,1,12,12,26,0.500000,0.500000,0
case_c,25,0,13,12,27,0.518519,0.481481,0
case_c,26,1,13,13,28,0.500000,0.500000,0
case_c,27,0,14,13,29,0.517241,0.482759,0
case_c,28,1,14,14,30,0.500000,0.500000,0
case_c,29,0,15,14,31,0.516129,0.483871,0
case_c,30,1,15,15,32,0.500000,0.500000,0
case_c,31,0,16,15,33,0.515152,0.484848,0
case_c,32,1,16,16,34,0.500000,0.500000,0
case_c,33,0,17,16,35,0.514286,0.485714,0
case_c,34,1,17,17,36,0.500000,0.500000,0
case_c,35,0,18,17,37,0.513514,0.486486,0
case_c,36,1,18,18,38,0.500000,0.500000,0
case_c,37,0,19,18,39,0.512821,0.487179,0
case_c,38,1,19,19,40,0.500000,0.500000,0
case_c,39,0,20,19,41,0.512195,0.487805,0
case_c,40,1,20,20,42,0.500000,0.500000,0
case_c,41,0,21,20,43,0.511628,0.488372,0
case_c,42,1,21,21,44,0.500000,0.500000,0
case_c,43,0,22,21,45,0.511111,0.488889,0
case_c,44,1,22,22,46,0.500000,0.500000,0
case_c,45,0,23,22,47,0.510638,0.489362,0
case_c,46,1,23,23,48,0.500000,0.500000,0
case_c,47,0,24,23,49,0.510204,0.489796,0
case_c,48,1,24,24,50,0.500000,0.500000,0
case_c,49,0,25,24,51,0.509804,0.490196,0
case_c,50,1,25,25,52,0.500000,0.500000,0
case_c,51,0,26,25,53,0.509434,0.490566,0
case_c,52,1,26,26,54,0.500000,0.500000,0
case_c,53,0,27,26,55,0.509091,0.490909,0
case_c,54,1,27,27,56,0.500000,0.500000,0
case_c,55,0,28,27,57,0.508772,0.491228,0
case_c,56,1,28,28,58,0.500000,0.500000,0
case_c,57,0,29,28,59,0.508475,0.491525,0
case_c,58,1,29,29,60,0.500000,0.500000,0
case_c,59,0,30,29,61,0.508197,0.491803,0
case_c,60,1,30,30,62,0.500000,0.500000,0
case_c,61,0,31,30,63,0.507937,0.492063,0
case_c,62,1,31,31,64,0.500000,0.500000,0
case_c,63,0,16,15,33,0.515152,0.484848,1
case_c,64,1,16,16,34,0.500000,0.500000,0
case_c,65,0,17,16,35,0.514286,0.485714,0
case_c,66,1,17,17,36,0.500000,0.500000,0
case_c,67,0,18,17,37,0.513514,0.486486,0
case_c,68,1,18,18,38,0.500000,0.500000,0
case_c,69,0,19,18,39,0.512821,0.487179,0
case_c,70,1,19,19,40,0.500000,0.500000,0
case_c,71,0,20,19,41,0.512195,0.487805,0
case_c,72,1,20,20,42,0.500000,0.500000,0
case_c,73,0,21,20,43,0.511628,0.488372,0
case_c,74,1,21,21,44,0.500000,0.500000,0
case_c,75,0,22,21,45,0.511111,0.488889,0
case_c,76,1,22,22,46,0.500000,0.500000,0
case_c,77,0,23,22,47,0.510638,0.489362,0
case_c,78,1,23,23,48,0.500000,0.500000,0
case_c,79,0,24,23,49,0.510204,0.489796,0
case_c,80,1,24,24,50,0.500000,0.500000,0
case_c,81,0,25,24,51,0.509804,0.490196,0
case_c,82,1,25,25,52,0.500000,0.500000,0
case_c,83,0,26,25,53,0.509434,0.490566,0
case_c,84,1,26,26,54,0.500000,0.500000,0
case_c,85,0,27,26,55,0.509091,0.490909,0
case_c,86,1,27,27,56,0.500000,0.500000,0
case_c,87,0,28,27,57,0.508772,0.491228,0
case_c,88,1,28,28,58,0.500000,0.500000,0
case_c,89,0,29,28,59,0.508475,0.491525,0
case_c,90,1,29,29,60,0.500000,0.500000,0
case_c,91,0,30,29,61,0.508197,0.491803,0
case_c,92,1,30,30,62,0.500000,0.500000,0
case_c,93,0,31,30,63,0.507937,0.492063,0
case_c,94,1,31,31,64,0.500000,0.500000,0
case_c,95,0,16,15,33,0.515152,0.484848,1
case_c,96,1,16,16,34,0.500000,0.500000,0
case_c,97,0,17,16,35,0.514286,0.485714,0
case_c,98,1,17,17,36,0.500000,0.500000,0
case_c,99,0,18,17,37,0.513514,0.486486,0
case_c,100,1,18,18,38,0.500000,0.500000,0
case_c,101,0,19,18,39,0.512821,0.487179,0
case_c,102,1,19,19,40,0.500000,0.500000,0
case_c,103,0,20,19,41,0.512195,0.487805,0
case_c,104,1,20,20,42,0.500000,0.500000,0
case_c,105,0,21,20,43,0.511628,0.488372,0
case_c,106,1,21,21,44,0.500000,0.500000,0
case_c,107,0,22,21,45,0.511111,0.488889,0
case_c,108,1,22,22,46,0.500000,0.500000,0
case_c,109,0,23,22,47,0.510638,0.489362,0
case_c,110,1,23,23,48,0.500000,0.500000,0
case_c,111,0,24,23,49,0.510204,0.489796,0
case_c,112,1,24,24,50,0.500000,0.500000,0
case_c,113,0,25,24,51,0.509804,0.490196,0
case_c,114,1,25,25,52,0.500000,0.500000,0
case_c,115,0,26,25,53,0.509434,0.490566,0
case_c,116,1,26,26,54,0.500000,0.500000,0
case_c,117,0,27,26,55,0.509091,0.490909,0
case_c,118,1,27,27,56,0.500000,0.500000,0
case_c,119,0,28,27,57,0.508772,0.491228,0
case_c,120,1,28,28,58,0.500000,0.500000,0
case_c,121,0,29,28,59,0.508475,0.491525,0
case_c,122,1,29,29,60,0.500000,0.500000,0
case_c,123,0,30,29,61,0.508197,0.491803,0
case_c,124,1,30,30,62,0.500000,0.500000,0
case_c,125,0,31,30,63,0.507937,0.492063,0
case_c,126,1,31,31,64,0.500000,0.500000,0
case_c,127,0,16,15,33,0.515152,0.484848,1
case_c,128,1,16,16,34,0.500000,0.500000,0
case_d_p010,1,0,1,0,3,0.666667,0.333333,0
case_d_p010,2,0,2,0,4,0.750000,0.250000,0
case_d_p010,3,0,3,0,5,0.800000,0.200000,0
case_d_p010,4,0,4,0,6,0.833333,0.166667,0
case_d_p010,5,0,5,0,7,0.857143,0.142857,0
case_d_p010,6,1,5,1,8,0.750000,0.250000,0
case_d_p010,7,0,6,1,9,0.777778,0.222222,0
case_d_p010,8,0,7,1,10,0.800000,0.200000,0
case_d_p010,9,1,7,2,11,0.727273,0.272727,0
case_d_p010,10,0,8,2,12,0.750000,0.250000,0
case_d_p010,11,0,9,2,13,0.769231,0.230769,0
case_d_p010,12,0,10,2,14,0.785714,0.214286,0
case_d_p010,13,0,11,2,15,0.800000,0.200000,0
case_d_p010,14,0,12,2,16,0.812500,0.187500,0
case_d_p010,15,0,13,2,17,0.823529,0.176471,0
case_d_p010,16,1,13,3,18,0.777778,0.222222,0
case_d_p010,17,0,14,3,19,0.789474,0.210526,0
case_d_p010,18,0,15,3,20,0.800000,0.200000,0
case_d_p010,19,0,16,3,21,0.809524,0.190476,0
case_d_p010,20,0,17,3,22,0.818182,0.181818,0
case_d_p010,21,0,18,3,23,0.826087,0.173913,0
case_d_p010,22,0,19,3,24,0.833333,0.166667,0
case_d_p010,23,0,20,3,25,0.840000,0.160000,0
case_d_p010,24,0,21,3,26,0.846154,0.153846,0
case_d_p010,25,0,22,3,27,0.851852,0.148148,0
case_d_p010,26,0,23,3,28,0.857143,0.142857,0
case_d_p010,27,1,23,4,29,0.827586,0.172414,0
case_d_p010,28,0,24,4,30,0.833333,0.166667,0
case_d_p010,29,0,25,4,31,0.838710,0.161290,0
case_d_p010,30,0,26,4,32,0.843750,0.156250,0
case_d_p010,31,0,27,4,33,0.848485,0.151515,0
case_d_p010,32,0,28,4,34,0.852941,0.147059,0
case_d_p010,33,0,29,4,35,0.857143,0.142857,0
case_d_p010,34,0,30,4,36,0.861111,0.138889,0
case_d_p010,35,0,31,4,37,0.864865,0.135135,0
case_d_p010,36,0,32,4,38,0.868421,0.131579,0
case_d_p010,37,0,33,4,39,0.871795,0.128205,0
case_d_p010,38,0,34,4,40,0.875000,0.125000,0
case_d_p010,39,0,35,4,41,0.878049,0.121951,0
case_d_p010,40,0,36,4,42,0.880952,0.119048,0
case_d_p010,41,0,37,4,43,0.883721,0.116279,0
case_d_p010,42,0,38,4,44,0.886364,0.113636,0
case_d_p010,43,0,39,4,45,0.888889,0.111111,0
case_d_p010,44,0,40,4,46,0.891304,0.108696,0
case_d_p010,45,0,41,4,47,0.893617,0.106383,0
case_d_p010,46,0,42,4,48,0.895833,0.104167,0
case_d_p010,47,0,43,4,49,0.897959,0.102041,0
case_d_p010,48,0,44,4,50,0.900000,0.100000,0
case_d_p010,49,1,44,5,51,0.882353,0.117647,0
case_d_p010,50,0,45,5,52,0.884615,0.115385,0
case_d_p010,51,0,46,5,53,0.886792,0.113208,0
case_d_p010,52,1,46,6,54,0.870370,0.129630,0
case_d_p010,53,0,47,6,55,0.872727,0.127273,0
case_d_p010,54,0,48,6,56,0.875000,0.125000,0
case_d_p010,55,0,49,6,57,0.877193,0.122807,0
case_d_p010,56,0,50,6,58,0.879310,0.120690,0
case_d_p010,57,0,51,6,59,0.881356,0.118644,0
case_d_p010,58,0,52,6,60,0.883333,0.116667,0
case_d_p010,59,0,53,6,61,0.885246,0.114754,0
case_d_p010,60,0,54,6,62,0.887097,0.112903,0
case_d_p010,61,0,55,6,63,0.888889,0.111111,0
case_d_p010,62,0,56,6,64,0.890625,0.109375,0
case_d_p010,63,1,28,3,33,0.878788,0.121212,1
case_d_p010,64,1,28,4,34,0.852941,0.147059,0
case_d_p010,65,0,29,4,35,0.857143,0.142857,0
case_d_p010,66,0,30,4,36,0.861111,0.138889,0
case_d_p010,67,1,30,5,37,0.837838,0.162162,0
case_d_p010,68,0,31,5,38,0.842105,0.157895,0
case_d_p010,69,0,32,5,39,0.846154,0.153846,0
case_d_p010,70,0,33,5,40,0.850000,0.150000,0
case_d_p010,71,0,34,5,41,0.853659,0.146341,0
case_d_p010,72,0,35,5,42,0.857143,0.142857,0
case_d_p010,73,0,36,5,43,0.860465,0.139535,0
case_d_p010,74,0,37,5,44,0.863636,0.136364,0
case_d_p010,75,0,38,5,45,0.866667,0.133333,0
case_d_p010,76,1,38,6,46,0.847826,0.152174,0
case_d_p010,77,0,39,6,47,0.851064,0.148936,0
case_d_p010,78,0,40,6,48,0.854167,0.145833,0
case_d_p010,79,0,41,6,49,0.857143,0.142857,0
case_d_p010,80,0,42,6,50,0.860000,0.140000,0
case_d_p010,81,0,43,6,51,0.862745,0.137255,0
case_d_p010,82,0,44,6,52,0.865385,0.134615,0
case_d_p010,83,0,45,6,53,0.867925,0.132075,0
case_d_p010,84,0,46,6,54,0.870370,0.129630,0
case_d_p010,85,0,47,6,55,0.872727,0.127273,0
case_d_p010,86,0,48,6,56,0.875000,0.125000,0
case_d_p010,87,0,49,6,57,0.877193,0.122807,0
case_d_p010,88,0,50,6,58,0.879310,0.120690,0
case_d_p010,89,0,51,6,59,0.881356,0.118644,0
case_d_p010,90,0,52,6,60,0.883333,0.116667,0
case_d_p010,91,0,53,6,61,0.885246,0.114754,0
case_d_p010,92,0,54,6,62,0.887097,0.112903,0
case_d_p010,93,0,55,6,63,0.888889,0.111111,0
case_d_p010,94,0,56,6,64,0.890625,0.109375,0
case_d_p010,95,1,28,3,33,0.878788,0.121212,1
case_d_p010,96,0,29,3,34,0.882353,0.117647,0
case_d_p010,97,0,30,3,35,0.885714,0.114286,0
case_d_p010,98,0,31,3,36,0.888889,0.111111,0
case_d_p010,99,0,32,3,37,0.891892,0.108108,0
case_d_p010,100,0,33,3,38,0.894737,0.105263,0
case_d_p010,101,0,34,3,39,0.897436,0.102564,0
case_d_p010,102,0,35,3,40,0.900000,0.100000,0
case_d_p010,103,0,36,3,41,0.902439,0.097561,0
case_d_p010,104,0,37,3,42,0.904762,0.095238,0
case_d_p010,105,0,38,3,43,0.906977,0.093023,0
case_d_p010,106,0,39,3,44,0.909091,0.090909,0
case_d_p010,107,0,40,3,45,0.911111,0.088889,0
case_d_p010,108,0,41,3,46,0.913043,0.086957,0
case_d_p010,109,0,42,3,47,0.914894,0.085106,0
case_d_p010,110,0,43,3,48,0.916667,0.083333,0
case_d_p010,111,0,44,3,49,0.918367,0.081633,0
case_d_p010,112,0,45,3,50,0.920000,0.080000,0
case_d_p010,113,0,46,3,51,0.921569,0.078431,0
case_d_p010,114,0,47,3,52,0.923077,0.076923,0
case_d_p010,115,0,48,3,53,0.924528,0.075472,0
case_d_p010,116,0,49,3,54,0.925926,0.074074,0
case_d_p010,117,0,50,3,55,0.927273,0.072727,0
case_d_p010,118,0,51,3,56,0.928571,0.071429,0
case_d_p010,119,0,52,3,57,0.929825,0.070175,0
case_d_p010,120,0,53,3,58,0.931034,0.068966,0
case_d_p010,121,0,54,3,59,0.932203,0.067797,0
case_d_p010,122,0,55,3,60,0.933333,0.066667,0
case_d_p010,123,0,56,3,61,0.934426,0.065574,0
case_d_p010,124,0,57,3,62,0.935484,0.064516,0
case_d_p010,125,0,58,3,63,0.936508,0.063492,0
case_d_p010,126,0,59,3,64,0.937500,0.062500,0
case_d_p010,127,0,30,1,33,0.939394,0.060606,1
case_d_p010,128,0,31,1,34,0.941176,0.058824,0
case_d_p010,129,0,32,1,35,0.942857,0.057143,0
case_d_p010,130,0,33,1,36,0.944444,0.055556,0
case_d_p010,131,0,34,1,37,0.945946,0.054054,0
case_d_p010,132,0,35,1,38,0.947368,0.052632,0
case_d_p010,133,0,36,1,39,0.948718,0.051282,0
case_d_p010,134,0,37,1,40,0.950000,0.050000,0
case_d_p010,135,0,38,1,41,0.951220,0.048780,0
case_d_p010,136,0,39,1,42,0.952381,0.047619,0
case_d_p010,137,0,40,1,43,0.953488,0.046512,0
case_d_p010,138,0,41,1,44,0.954545,0.045455,0
case_d_p010,139,0,42,1,45,0.955556,0.044444,0
case_d_p010,140,0,43,1,46,0.956522,0.043478,0
case_d_p010,141,0,44,1,47,0.957447,0.042553,0
case_d_p010,142,0,45,1,48,0.958333,0.041667,0
case_d_p010,143,0,46,1,49,0.959184,0.040816,0
case_d_p010,144,0,47,1,50,0.960000,0.040000,0
case_d_p010,145,0,48,1,51,0.960784,0.039216,0
case_d_p010,146,0,49,1,52,0.961538,0.038462,0
case_d_p010,147,0,50,1,53,0.962264,0.037736,0
case_d_p010,148,0,51,1,54,0.962963,0.037037,0
case_d_p010,149,0,52,1,55,0.963636,0.036364,0
case_d_p010,150,0,53,1,56,0.964286,0.035714,0
case_d_p010,151,0,54,1,57,0.964912,0.035088,0
case_d_p010,152,0,55,1,58,0.965517,0.034483,0
case_d_p010,153,0,56,1,59,0.966102,0.033898,0
case_d_p010,154,1,56,2,60,0.950000,0.050000,0
case_d_p010,155,0,57,2,61,0.950820,0.049180,0
case_d_p010,156,0,58,2,62,0.951613,0.048387,0
case_d_p010,157,0,59,2,63,0.952381,0.047619,0
case_d_p010,158,0,60,2,64,0.953125,0.046875,0
case_d_p010,159,0,30,1,33,0.939394,0.060606,1
case_d_p010,160,0,31,1,34,0.941176,0.058824,0
case_d_p010,161,0,32,1,35,0.942857,0.057143,0
case_d_p010,162,0,33,1,36,0.944444,0.055556,0
case_d_p010,163,0,34,1,37,0.945946,0.054054,0
case_d_p010,164,0,35,1,38,0.947368,0.052632,0
case_d_p010,165,0,36,1,39,0.948718,0.051282,0
case_d_p010,166,0,37,1,40,0.950000,0.050000,0
case_d_p010,167,0,38,1,41,0.951220,0.048780,0
case_d_p010,168,0,39,1,42,0.952381,0.047619,0
case_d_p010,169,0,40,1,43,0.953488,0.046512,0
case_d_p010,170,1,40,2,44,0.931818,0.068182,0
case_d_p010,171,0,41,2,45,0.933333,0.066667,0
case_d_p010,172,0,42,2,46,0.934783,0.065217,0
case_d_p010,173,0,43,2,47,0.936170,0.063830,0
case_d_p010,174,0,44,2,48,0.937500,0.062500,0
case_d_p010,175,1,44,3,49,0.918367,0.081633,0
case_d_p010,176,1,44,4,50,0.900000,0.100000,0
case_d_p010,177,0,45,4,51,0.901961,0.098039,0
case_d_p010,178,0,46,4,52,0.903846,0.096154,0
case_d_p010,179,0,47,4,53,0.905660,0.094340,0
case_d_p010,180,0,48,4,54,0.907407,0.092593,0
case_d_p010,181,0,49,4,55,0.909091,0.090909,0
case_d_p010,182,0,50,4,56,0.910714,0.089286,0
case_d_p010,183,0,51,4,57,0.912281,0.087719,0
case_d_p010,184,0,52,4,58,0.913793,0.086207,0
case_d_p010,185,0,53,4,59,0.915254,0.084746,0
case_d_p010,186,0,54,4,60,0.916667,0.083333,0
case_d_p010,187,0,55,4,61,0.918033,0.081967,0
case_d_p010,188,0,56,4,62,0.919355,0.080645,0
case_d_p010,189,0,57,4,63,0.920635,0.079365,0
case_d_p010,190,0,58,4,64,0.921875,0.078125,0
case_d_p010,191,0,29,2,33,0.909091,0.090909,1
case_d_p010,192,0,30,2,34,0.911765,0.088235,0
case_d_p010,193,0,31,2,35,0.914286,0.085714,0
case_d_p010,194,0,32,2,36,0.916667,0.083333,0
case_d_p010,195,0,33,2,37,0.918919,0.081081,0
case_d_p010,196,0,34,2,38,0.921053,0.078947,0
case_d_p010,197,0,35,2,39,0.923077,0.076923,0
case_d_p010,198,0,36,2,40,0.925000,0.075000,0
case_d_p010,199,0,37,2,41,0.926829,0.073171,0
case_d_p010,200,0,38,2,42,0.928571,0.071429,0
case_d_p010,201,0,39,2,43,0.930233,0.069767,0
case_d_p010,202,0,40,2,44,0.931818,0.068182,0
case_d_p010,203,0,41,2,45,0.933333,0.066667,0
case_d_p010,204,0,42,2,46,0.934783,0.065217,0
case_d_p010,205,0,43,2,47,0.936170,0.063830,0
case_d_p010,206,0,44,2,48,0.937500,0.062500,0
case_d_p010,207,0,45,2,49,0.938776,0.061224,0
case_d_p010,208,0,46,2,50,0.940000,0.060000,0
case_d_p010,209,0,47,2,51,0.941176,0.058824,0
case_d_p010,210,0,48,2,52,0.942308,0.057692,0
case_d_p010,211,0,49,2,53,0.943396,0.056604,0
case_d_p010,212,0,50,2,54,0.944444,0.055556,0
case_d_p010,213,0,51,2,55,0.945455,0.054545,0
case_d_p010,214,0,52,2,56,0.946429,0.053571,0
case_d_p010,215,0,53,2,57,0.947368,0.052632,0
case_d_p010,216,0,54,2,58,0.948276,0.051724,0
case_d_p010,217,0,55,2,59,0.949153,0.050847,0
case_d_p010,218,0,56,2,60,0.950000,0.050000,0
case_d_p010,219,0,57,2,61,0.950820,0.049180,0
case_d_p010,220,0,58,2,62,0.951613,0.048387,0
case_d_p010,221,0,59,2,63,0.952381,0.047619,0
case_d_p010,222,0,60,2,64,0.953125,0.046875,0
case_d_p010,223,0,30,1,33,0.939394,0.060606,1
case_d_p010,224,0,31,1,34,0.941176,0.058824,0
case_d_p010,225,0,32,1,35,0.942857,0.057143,0
case_d_p010,226,0,33,1,36,0.944444,0.055556,0
case_d_p010,227,0,34,1,37,0.945946,0.054054,0
case_d_p010,228,0,35,1,38,0.947368,0.052632,0
case_d_p010,229,0,36,1,39,0.948718,0.051282,0
case_d_p010,230,0,37,1,40,0.950000,0.050000,0
case_d_p010,231,0,38,1,41,0.951220,0.048780,0
case_d_p010,232,0,39,1,42,0.952381,0.047619,0
case_d_p010,233,1,39,2,43,0.930233,0.069767,0
case_d_p010,234,0,40,2,44,0.931818,0.068182,0
case_d_p010,235,0,41,2,45,0.933333,0.066667,0
case_d_p010,236,0,42,2,46,0.934783,0.065217,0
case_d_p010,237,0,43,2,47,0.936170,0.063830,0
case_d_p010,238,0,44,2,48,0.937500,0.062500,0
case_d_p010,239,0,45,2,49,0.938776,0.061224,0
case_d_p010,240,0,46,2,50,0.940000,0.060000,0
case_d_p010,241,0,47,2,51,0.941176,0.058824,0
case_d_p010,242,1,47,3,52,0.923077,0.076923,0
case_d_p010,243,0,48,3,53,0.924528,0.075472,0
case_d_p010,244,0,49,3,54,0.925926,0.074074,0
case_d_p010,245,0,50,3,55,0.927273,0.072727,0
case_d_p010,246,0,51,3,56,0.928571,0.071429,0
case_d_p010,247,0,52,3,57,0.929825,0.070175,0
case_d_p010,248,0,53,3,58,0.931034,0.068966,0
case_d_p010,249,0,54,3,59,0.932203,0.067797,0
case_d_p010,250,0,55,3,60,0.933333,0.066667,0
case_d_p010,251,0,56,3,61,0.934426,0.065574,0
case_d_p010,252,0,57,3,62,0.935484,0.064516,0
case_d_p010,253,0,58,3,63,0.936508,0.063492,0
case_d_p010,254,0,59,3,64,0.937500,0.062500,0
case_d_p010,255,0,30,1,33,0.939394,0.060606,1
case_d_p010,256,0,31,1,34,0.941176,0.058824,0
case_d_p050,1,1,0,1,3,0.333333,0.666667,0
case_d_p050,2,1,0,2,4,0.250000,0.750000,0
case_d_p050,3,1,0,3,5,0.200000,0.800000,0
case_d_p050,4,0,1,3,6,0.333333,0.666667,0
case_d_p050,5,1,1,4,7,0.285714,0.714286,0
case_d_p050,6,1,1,5,8,0.250000,0.750000,0
case_d_p050,7,0,2,5,9,0.333333,0.666667,0
case_d_p050,8,1,2,6,10,0.300000,0.700000,0
case_d_p050,9,0,3,6,11,0.363636,0.636364,0
case_d_p050,10,1,3,7,12,0.333333,0.666667,0
case_d_p050,11,0,4,7,13,0.384615,0.615385,0
case_d_p050,12,1,4,8,14,0.357143,0.642857,0
case_d_p050,13,0,5,8,15,0.400000,0.600000,0
case_d_p050,14,1,5,9,16,0.375000,0.625000,0
case_d_p050,15,0,6,9,17,0.411765,0.588235,0
case_d_p050,16,0,7,9,18,0.444444,0.555556,0
case_d_p050,17,0,8,9,19,0.473684,0.526316,0
case_d_p050,18,0,9,9,20,0.500000,0.500000,0
case_d_p050,19,0,10,9,21,0.523810,0.476190,0
case_d_p050,20,0,11,9,22,0.545455,0.454545,0
case_d_p050,21,1,11,10,23,0.521739,0.478261,0
case_d_p050,22,1,11,11,24,0.500000,0.500000,0
case_d_p050,23,0,12,11,25,0.520000,0.480000,0
case_d_p050,24,1,12,12,26,0.500000,0.500000,0
case_d_p050,25,1,12,13,27,0.481481,0.518519,0
case_d_p050,26,0,13,13,28,0.500000,0.500000,0
case_d_p050,27,0,14,13,29,0.517241,0.482759,0
case_d_p050,28,0,15,13,30,0.533333,0.466667,0
case_d_p050,29,1,15,14,31,0.516129,0.483871,0
case_d_p050,30,0,16,14,32,0.531250,0.468750,0
case_d_p050,31,1,16,15,33,0.515152,0.484848,0
case_d_p050,32,1,16,16,34,0.500000,0.500000,0
case_d_p050,33,1,16,17,35,0.485714,0.514286,0
case_d_p050,34,0,17,17,36,0.500000,0.500000,0
case_d_p050,35,0,18,17,37,0.513514,0.486486,0
case_d_p050,36,1,18,18,38,0.500000,0.500000,0
case_d_p050,37,1,18,19,39,0.487179,0.512821,0
case_d_p050,38,1,18,20,40,0.475000,0.525000,0
case_d_p050,39,1,18,21,41,0.463415,0.536585,0
case_d_p050,40,1,18,22,42,0.452381,0.547619,0
case_d_p050,41,1,18,23,43,0.441860,0.558140,0
case_d_p050,42,1,18,24,44,0.431818,0.568182,0
case_d_p050,43,1,18,25,45,0.422222,0.577778,0
case_d_p050,44,1,18,26,46,0.413043,0.586957,0
case_d_p050,45,1,18,27,47,0.404255,0.595745,0
case_d_p050,46,0,19,27,48,0.416667,0.583333,0
case_d_p050,47,0,20,27,49,0.428571,0.571429,0
case_d_p050,48,1,20,28,50,0.420000,0.580000,0
case_d_p050,49,1,20,29,51,0.411765,0.588235,0
case_d_p050,50,1,20,30,52,0.403846,0.596154,0
case_d_p050,51,1,20,31,53,0.396226,0.603774,0
case_d_p050,52,1,20,32,54,0.388889,0.611111,0
case_d_p050,53,1,20,33,55,0.381818,0.618182,0
case_d_p050,54,1,20,34,56,0.375000,0.625000,0
case_d_p050,55,0,21,34,57,0.385965,0.614035,0
case_d_p050,56,0,22,34,58,0.396552,0.603448,0
case_d_p050,57,1,22,35,59,0.389831,0.610169,0
case_d_p050,58,0,23,35,60,0.400000,0.600000,0
case_d_p050,59,1,23,36,61,0.393443,0.606557,0
case_d_p050,60,1,23,37,62,0.387097,0.612903,0
case_d_p050,61,1,23,38,63,0.380952,0.619048,0
case_d_p050,62,0,24,38,64,0.390625,0.609375,0
case_d_p050,63,1,12,19,33,0.393939,0.606061,1
case_d_p050,64,0,13,19,34,0.411765,0.588235,0
case_d_p050,65,1,13,20,35,0.400000,0.600000,0
case_d_p050,66,1,13,21,36,0.388889,0.611111,0
case_d_p050,67,1,13,22,37,0.378378,0.621622,0
case_d_p050,68,1,13,23,38,0.368421,0.631579,0
case_d_p050,69,1,13,24,39,0.358974,0.641026,0
case_d_p050,70,1,13,25,40,0.350000,0.650000,0
case_d_p050,71,0,14,25,41,0.365854,0.634146,0
case_d_p050,72,1,14,26,42,0.357143,0.642857,0
case_d_p050,73,0,15,26,43,0.372093,0.627907,0
case_d_p050,74,1,15,27,44,0.363636,0.636364,0
case_d_p050,75,1,15,28,45,0.355556,0.644444,0
case_d_p050,76,1,15,29,46,0.347826,0.652174,0
case_d_p050,77,0,16,29,47,0.361702,0.638298,0
case_d_p050,78,0,17,29,48,0.375000,0.625000,0
case_d_p050,79,0,18,29,49,0.387755,0.612245,0
case_d_p050,80,0,19,29,50,0.400000,0.600000,0
case_d_p050,81,1,19,30,51,0.392157,0.607843,0
case_d_p050,82,1,19,31,52,0.384615,0.615385,0
case_d_p050,83,1,19,32,53,0.377358,0.622642,0
case_d_p050,84,0,20,32,54,0.388889,0.611111,0
case_d_p050,85,0,21,32,55,0.400000,0.600000,0
case_d_p050,86,1,21,33,56,0.392857,0.607143,0
case_d_p050,87,0,22,33,57,0.403509,0.596491,0
case_d_p050,88,1,22,34,58,0.396552,0.603448,0
case_d_p050,89,0,23,34,59,0.406780,0.593220,0
case_d_p050,90,0,24,34,60,0.416667,0.583333,0
case_d_p050,91,0,25,34,61,0.426230,0.573770,0
case_d_p050,92,0,26,34,62,0.435484,0.564516,0
case_d_p050,93,1,26,35,63,0.428571,0.571429,0
case_d_p050,94,0,27,35,64,0.437500,0.562500,0
case_d_p050,95,0,14,17,33,0.454545,0.545455,1
case_d_p050,96,0,15,17,34,0.470588,0.529412,0
case_d_p050,97,0,16,17,35,0.485714,0.514286,0
case_d_p050,98,0,17,17,36,0.500000,0.500000,0
case_d_p050,99,0,18,17,37,0.513514,0.486486,0
case_d_p050,100,1,18,18,38,0.500000,0.500000,0
case_d_p050,101,0,19,18,39,0.512821,0.487179,0
case_d_p050,102,0,20,18,40,0.525000,0.475000,0
case_d_p050,103,1,20,19,41,0.512195,0.487805,0
case_d_p050,104,1,20,20,42,0.500000,0.500000,0
case_d_p050,105,0,21,20,43,0.511628,0.488372,0
case_d_p050,106,1,21,21,44,0.500000,0.500000,0
case_d_p050,107,0,22,21,45,0.511111,0.488889,0
case_d_p050,108,0,23,21,46,0.521739,0.478261,0
case_d_p050,109,0,24,21,47,0.531915,0.468085,0
case_d_p050,110,1,24,22,48,0.520833,0.479167,0
case_d_p050,111,1,24,23,49,0.510204,0.489796,0
case_d_p050,112,1,24,24,50,0.500000,0.500000,0
case_d_p050,113,0,25,24,51,0.509804,0.490196,0
case_d_p050,114,1,25,25,52,0.500000,0.500000,0
case_d_p050,115,1,25,26,53,0.490566,0.509434,0
case_d_p050,116,0,26,26,54,0.500000,0.500000,0
case_d_p050,117,1,26,27,55,0.490909,0.509091,0
case_d_p050,118,0,27,27,56,0.500000,0.500000,0
case_d_p050,119,1,27,28,57,0.491228,0.508772,0
case_d_p050,120,0,28,28,58,0.500000,0.500000,0
case_d_p050,121,0,29,28,59,0.508475,0.491525,0
case_d_p050,122,0,30,28,60,0.516667,0.483333,0
case_d_p050,123,1,30,29,61,0.508197,0.491803,0
case_d_p050,124,1,30,30,62,0.500000,0.500000,0
case_d_p050,125,1,30,31,63,0.492063,0.507937,0
case_d_p050,126,1,30,32,64,0.484375,0.515625,0
case_d_p050,127,0,15,16,33,0.484848,0.515152,1
case_d_p050,128,0,16,16,34,0.500000,0.500000,0
case_d_p050,129,1,16,17,35,0.485714,0.514286,0
case_d_p050,130,0,17,17,36,0.500000,0.500000,0
case_d_p050,131,1,17,18,37,0.486486,0.513514,0
case_d_p050,132,1,17,19,38,0.473684,0.526316,0
case_d_p050,133,1,17,20,39,0.461538,0.538462,0
case_d_p050,134,1,17,21,40,0.450000,0.550000,0
case_d_p050,135,1,17,22,41,0.439024,0.560976,0
case_d_p050,136,1,17,23,42,0.428571,0.571429,0
case_d_p050,137,1,17,24,43,0.418605,0.581395,0
case_d_p050,138,1,17,25,44,0.409091,0.590909,0
case_d_p050,139,0,18,25,45,0.422222,0.577778,0
case_d_p050,140,0,19,25,46,0.434783,0.565217,0
case_d_p050,141,0,20,25,47,0.446809,0.553191,0
case_d_p050,142,1,20,26,48,0.437500,0.562500,0
case_d_p050,143,1,20,27,49,0.428571,0.571429,0
case_d_p050,144,0,21,27,50,0.440000,0.560000,0
case_d_p050,145,1,21,28,51,0.431373,0.568627,0
case_d_p050,146,0,22,28,52,0.442308,0.557692,0
case_d_p050,147,1,22,29,53,0.433962,0.566038,0
case_d_p050,148,0,23,29,54,0.444444,0.555556,0
case_d_p050,149,0,24,29,55,0.454545,0.545455,0
case_d_p050,150,0,25,29,56,0.464286,0.535714,0
case_d_p050,151,0,26,29,57,0.473684,0.526316,0
case_d_p050,152,0,27,29,58,0.482759,0.517241,0
case_d_p050,153,0,28,29,59,0.491525,0.508475,0
case_d_p050,154,0,29,29,60,0.500000,0.500000,0
case_d_p050,155,1,29,30,61,0.491803,0.508197,0
case_d_p050,156,1,29,31,62,0.483871,0.516129,0
case_d_p050,157,0,30,31,63,0.492063,0.507937,0
case_d_p050,158,1,30,32,64,0.484375,0.515625,0
case_d_p050,159,1,15,16,33,0.484848,0.515152,1
case_d_p050,160,0,16,16,34,0.500000,0.500000,0
case_d_p050,161,0,17,16,35,0.514286,0.485714,0
case_d_p050,162,1,17,17,36,0.500000,0.500000,0
case_d_p050,163,0,18,17,37,0.513514,0.486486,0
case_d_p050,164,1,18,18,38,0.500000,0.500000,0
case_d_p050,165,0,19,18,39,0.512821,0.487179,0
case_d_p050,166,1,19,19,40,0.500000,0.500000,0
case_d_p050,167,1,19,20,41,0.487805,0.512195,0
case_d_p050,168,0,20,20,42,0.500000,0.500000,0
case_d_p050,169,1,20,21,43,0.488372,0.511628,0
case_d_p050,170,0,21,21,44,0.500000,0.500000,0
case_d_p050,171,1,21,22,45,0.488889,0.511111,0
case_d_p050,172,1,21,23,46,0.478261,0.521739,0
case_d_p050,173,1,21,24,47,0.468085,0.531915,0
case_d_p050,174,0,22,24,48,0.479167,0.520833,0
case_d_p050,175,0,23,24,49,0.489796,0.510204,0
case_d_p050,176,0,24,24,50,0.500000,0.500000,0
case_d_p050,177,1,24,25,51,0.490196,0.509804,0
case_d_p050,178,0,25,25,52,0.500000,0.500000,0
case_d_p050,179,1,25,26,53,0.490566,0.509434,0
case_d_p050,180,0,26,26,54,0.500000,0.500000,0
case_d_p050,181,1,26,27,55,0.490909,0.509091,0
case_d_p050,182,1,26,28,56,0.482143,0.517857,0
case_d_p050,183,0,27,28,57,0.491228,0.508772,0
case_d_p050,184,0,28,28,58,0.500000,0.500000,0
case_d_p050,185,0,29,28,59,0.508475,0.491525,0
case_d_p050,186,0,30,28,60,0.516667,0.483333,0
case_d_p050,187,1,30,29,61,0.508197,0.491803,0
case_d_p050,188,0,31,29,62,0.516129,0.483871,0
case_d_p050,189,0,32,29,63,0.523810,0.476190,0
case_d_p050,190,0,33,29,64,0.531250,0.468750,0
case_d_p050,191,0,17,14,33,0.545455,0.454545,1
case_d_p050,192,1,17,15,34,0.529412,0.470588,0
case_d_p050,193,0,18,15,35,0.542857,0.457143,0
case_d_p050,194,1,18,16,36,0.527778,0.472222,0
case_d_p050,195,1,18,17,37,0.513514,0.486486,0
case_d_p050,196,0,19,17,38,0.526316,0.473684,0
case_d_p050,197,0,20,17,39,0.538462,0.461538,0
case_d_p050,198,1,20,18,40,0.525000,0.475000,0
case_d_p050,199,0,21,18,41,0.536585,0.463415,0
case_d_p050,200,1,21,19,42,0.523810,0.476190,0
case_d_p050,201,0,22,19,43,0.534884,0.465116,0
case_d_p050,202,0,23,19,44,0.545455,0.454545,0
case_d_p050,203,0,24,19,45,0.555556,0.444444,0
case_d_p050,204,1,24,20,46,0.543478,0.456522,0
case_d_p050,205,1,24,21,47,0.531915,0.468085,0
case_d_p050,206,0,25,21,48,0.541667,0.458333,0
case_d_p050,207,1,25,22,49,0.530612,0.469388,0
case_d_p050,208,0,26,22,50,0.540000,0.460000,0
case_d_p050,209,1,26,23,51,0.529412,0.470588,0
case_d_p050,210,0,27,23,52,0.538462,0.461538,0
case_d_p050,211,0,28,23,53,0.547170,0.452830,0
case_d_p050,212,0,29,23,54,0.555556,0.444444,0
case_d_p050,213,1,29,24,55,0.545455,0.454545,0
case_d_p050,214,1,29,25,56,0.535714,0.464286,0
case_d_p050,215,0,30,25,57,0.543860,0.456140,0
case_d_p050,216,0,31,25,58,0.551724,0.448276,0
case_d_p050,217,0,32,25,59,0.559322,0.440678,0
case_d_p050,218,1,32,26,60,0.550000,0.450000,0
case_d_p050,219,1,32,27,61,0.540984,0.459016,0
case_d_p050,220,0,33,27,62,0.548387,0.451613,0
case_d_p050,221,1,33,28,63,0.539683,0.460317,0
case_d_p050,222,0,34,28,64,0.546875,0.453125,0
case_d_p050,223,1,17,14,33,0.545455,0.454545,1
case_d_p050,224,1,17,15,34,0.529412,0.470588,0
case_d_p050,225,1,17,16,35,0.514286,0.485714,0
case_d_p050,226,1,17,17,36,0.500000,0.500000,0
case_d_p050,227,0,18,17,37,0.513514,0.486486,0
case_d_p050,228,0,19,17,38,0.526316,0.473684,0
case_d_p050,229,1,19,18,39,0.512821,0.487179,0
case_d_p050,230,1,19,19,40,0.500000,0.500000,0
case_d_p050,231,1,19,20,41,0.487805,0.512195,0
case_d_p050,232,0,20,20,42,0.500000,0.500000,0
case_d_p050,233,1,20,21,43,0.488372,0.511628,0
case_d_p050,234,1,20,22,44,0.477273,0.522727,0
case_d_p050,235,1,20,23,45,0.466667,0.533333,0
case_d_p050,236,1,20,24,46,0.456522,0.543478,0
case_d_p050,237,1,20,25,47,0.446809,0.553191,0
case_d_p050,238,0,21,25,48,0.458333,0.541667,0
case_d_p050,239,0,22,25,49,0.469388,0.530612,0
case_d_p050,240,0,23,25,50,0.480000,0.520000,0
case_d_p050,241,1,23,26,51,0.470588,0.529412,0
case_d_p050,242,1,23,27,52,0.461538,0.538462,0
case_d_p050,243,1,23,28,53,0.452830,0.547170,0
case_d_p050,244,0,24,28,54,0.462963,0.537037,0
case_d_p050,245,0,25,28,55,0.472727,0.527273,0
case_d_p050,246,0,26,28,56,0.482143,0.517857,0
case_d_p050,247,1,26,29,57,0.473684,0.526316,0
case_d_p050,248,1,26,30,58,0.465517,0.534483,0
case_d_p050,249,1,26,31,59,0.457627,0.542373,0
case_d_p050,250,0,27,31,60,0.466667,0.533333,0
case_d_p050,251,1,27,32,61,0.459016,0.540984,0
case_d_p050,252,1,27,33,62,0.451613,0.548387,0
case_d_p050,253,0,28,33,63,0.460317,0.539683,0
case_d_p050,254,1,28,34,64,0.453125,0.546875,0
case_d_p050,255,0,14,17,33,0.454545,0.545455,1
case_d_p050,256,1,14,18,34,0.441176,0.558824,0
case_d_p090,1,1,0,1,3,0.333333,0.666667,0
case_d_p090,2,1,0,2,4,0.250000,0.750000,0
case_d_p090,3,1,0,3,5,0.200000,0.800000,0
case_d_p090,4,1,0,4,6,0.166667,0.833333,0
case_d_p090,5,1,0,5,7,0.142857,0.857143,0
case_d_p090,6,1,0,6,8,0.125000,0.875000,0
case_d_p090,7,1,0,7,9,0.111111,0.888889,0
case_d_p090,8,1,0,8,10,0.100000,0.900000,0
case_d_p090,9,1,0,9,11,0.090909,0.909091,0
case_d_p090,10,1,0,10,12,0.083333,0.916667,0
case_d_p090,11,1,0,11,13,0.076923,0.923077,0
case_d_p090,12,1,0,12,14,0.071429,0.928571,0
case_d_p090,13,1,0,13,15,0.066667,0.933333,0
case_d_p090,14,1,0,14,16,0.062500,0.937500,0
case_d_p090,15,1,0,15,17,0.058824,0.941176,0
case_d_p090,16,1,0,16,18,0.055556,0.944444,0
case_d_p090,17,1,0,17,19,0.052632,0.947368,0
case_d_p090,18,1,0,18,20,0.050000,0.950000,0
case_d_p090,19,1,0,19,21,0.047619,0.952381,0
case_d_p090,20,1,0,20,22,0.045455,0.954545,0
case_d_p090,21,1,0,21,23,0.043478,0.956522,0
case_d_p090,22,1,0,22,24,0.041667,0.958333,0
case_d_p090,23,1,0,23,25,0.040000,0.960000,0
case_d_p090,24,1,0,24,26,0.038462,0.961538,0
case_d_p090,25,1,0,25,27,0.037037,0.962963,0
case_d_p090,26,1,0,26,28,0.035714,0.964286,0
case_d_p090,27,1,0,27,29,0.034483,0.965517,0
case_d_p090,28,1,0,28,30,0.033333,0.966667,0
case_d_p090,29,0,1,28,31,0.064516,0.935484,0
case_d_p090,30,1,1,29,32,0.062500,0.937500,0
case_d_p090,31,1,1,30,33,0.060606,0.939394,0
case_d_p090,32,1,1,31,34,0.058824,0.941176,0
case_d_p090,33,1,1,32,35,0.057143,0.942857,0
case_d_p090,34,1,1,33,36,0.055556,0.944444,0
case_d_p090,35,1,1,34,37,0.054054,0.945946,0
case_d_p090,36,1,1,35,38,0.052632,0.947368,0
case_d_p090,37,1,1,36,39,0.051282,0.948718,0
case_d_p090,38,1,1,37,40,0.050000,0.950000,0
case_d_p090,39,1,1,38,41,0.048780,0.951220,0
case_d_p090,40,1,1,39,42,0.047619,0.952381,0
case_d_p090,41,1,1,40,43,0.046512,0.953488,0
case_d_p090,42,1,1,41,44,0.045455,0.954545,0
case_d_p090,43,1,1,42,45,0.044444,0.955556,0
case_d_p090,44,1,1,43,46,0.043478,0.956522,0
case_d_p090,45,1,1,44,47,0.042553,0.957447,0
case_d_p090,46,1,1,45,48,0.041667,0.958333,0
case_d_p090,47,1,1,46,49,0.040816,0.959184,0
case_d_p090,48,1,1,47,50,0.040000,0.960000,0
case_d_p090,49,1,1,48,51,0.039216,0.960784,0
case_d_p090,50,1,1,49,52,0.038462,0.961538,0
case_d_p090,51,1,1,50,53,0.037736,0.962264,0
case_d_p090,52,1,1,51,54,0.037037,0.962963,0
case_d_p090,53,1,1,52,55,0.036364,0.963636,0
case_d_p090,54,1,1,53,56,0.035714,0.964286,0
case_d_p090,55,1,1,54,57,0.035088,0.964912,0
case_d_p090,56,1,1,55,58,0.034483,0.965517,0
case_d_p090,57,1,1,56,59,0.033898,0.966102,0
case_d_p090,58,1,1,57,60,0.033333,0.966667,0
case_d_p090,59,0,2,57,61,0.049180,0.950820,0
case_d_p090,60,1,2,58,62,0.048387,0.951613,0
case_d_p090,61,1,2,59,63,0.047619,0.952381,0
case_d_p090,62,1,2,60,64,0.046875,0.953125,0
case_d_p090,63,1,1,30,33,0.060606,0.939394,1
case_d_p090,64,1,1,31,34,0.058824,0.941176,0
case_d_p090,65,1,1,32,35,0.057143,0.942857,0
case_d_p090,66,1,1,33,36,0.055556,0.944444,0
case_d_p090,67,1,1,34,37,0.054054,0.945946,0
case_d_p090,68,1,1,35,38,0.052632,0.947368,0
case_d_p090,69,1,1,36,39,0.051282,0.948718,0
case_d_p090,70,1,1,37,40,0.050000,0.950000,0
case_d_p090,71,1,1,38,41,0.048780,0.951220,0
case_d_p090,72,1,1,39,42,0.047619,0.952381,0
case_d_p090,73,0,2,39,43,0.069767,0.930233,0
case_d_p090,74,1,2,40,44,0.068182,0.931818,0
case_d_p090,75,1,2,41,45,0.066667,0.933333,0
case_d_p090,76,1,2,42,46,0.065217,0.934783,0
case_d_p090,77,1,2,43,47,0.063830,0.936170,0
case_d_p090,78,1,2,44,48,0.062500,0.937500,0
case_d_p090,79,1,2,45,49,0.061224,0.938776,0
case_d_p090,80,1,2,46,50,0.060000,0.940000,0
case_d_p090,81,1,2,47,51,0.058824,0.941176,0
case_d_p090,82,1,2,48,52,0.057692,0.942308,0
case_d_p090,83,1,2,49,53,0.056604,0.943396,0
case_d_p090,84,1,2,50,54,0.055556,0.944444,0
case_d_p090,85,1,2,51,55,0.054545,0.945455,0
case_d_p090,86,0,3,51,56,0.071429,0.928571,0
case_d_p090,87,1,3,52,57,0.070175,0.929825,0
case_d_p090,88,1,3,53,58,0.068966,0.931034,0
case_d_p090,89,1,3,54,59,0.067797,0.932203,0
case_d_p090,90,0,4,54,60,0.083333,0.916667,0
case_d_p090,91,1,4,55,61,0.081967,0.918033,0
case_d_p090,92,1,4,56,62,0.080645,0.919355,0
case_d_p090,93,1,4,57,63,0.079365,0.920635,0
case_d_p090,94,1,4,58,64,0.078125,0.921875,0
case_d_p090,95,1,2,29,33,0.090909,0.909091,1
case_d_p090,96,1,2,30,34,0.088235,0.911765,0
case_d_p090,97,1,2,31,35,0.085714,0.914286,0
case_d_p090,98,1,2,32,36,0.083333,0.916667,0
case_d_p090,99,1,2,33,37,0.081081,0.918919,0
case_d_p090,100,1,2,34,38,0.078947,0.921053,0
case_d_p090,101,1,2,35,39,0.076923,0.923077,0
case_d_p090,102,0,3,35,40,0.100000,0.900000,0
case_d_p090,103,1,3,36,41,0.097561,0.902439,0
case_d_p090,104,1,3,37,42,0.095238,0.904762,0
case_d_p090,105,1,3,38,43,0.093023,0.906977,0
case_d_p090,106,1,3,39,44,0.090909,0.909091,0
case_d_p090,107,1,3,40,45,0.088889,0.911111,0
case_d_p090,108,1,3,41,46,0.086957,0.913043,0
case_d_p090,109,1,3,42,47,0.085106,0.914894,0
case_d_p090,110,1,3,43,48,0.083333,0.916667,0
case_d_p090,111,1,3,44,49,0.081633,0.918367,0
case_d_p090,112,1,3,45,50,0.080000,0.920000,0
case_d_p090,113,1,3,46,51,0.078431,0.921569,0
case_d_p090,114,1,3,47,52,0.076923,0.923077,0
case_d_p090,115,1,3,48,53,0.075472,0.924528,0
case_d_p090,116,1,3,49,54,0.074074,0.925926,0
case_d_p090,117,1,3,50,55,0.072727,0.927273,0
case_d_p090,118,1,3,51,56,0.071429,0.928571,0
case_d_p090,119,1,3,52,57,0.070175,0.929825,0
case_d_p090,120,1,3,53,58,0.068966,0.931034,0
case_d_p090,121,1,3,54,59,0.067797,0.932203,0
case_d_p090,122,1,3,55,60,0.066667,0.933333,0
case_d_p090,123,0,4,55,61,0.081967,0.918033,0
case_d_p090,124,1,4,56,62,0.080645,0.919355,0
case_d_p090,125,1,4,57,63,0.079365,0.920635,0
case_d_p090,126,1,4,58,64,0.078125,0.921875,0
case_d_p090,127,1,2,29,33,0.090909,0.909091,1
case_d_p090,128,1,2,30,34,0.088235,0.911765,0
case_d_p090,129,1,2,31,35,0.085714,0.914286,0
case_d_p090,130,1,2,32,36,0.083333,0.916667,0
case_d_p090,131,1,2,33,37,0.081081,0.918919,0
case_d_p090,132,1,2,34,38,0.078947,0.921053,0
case_d_p090,133,1,2,35,39,0.076923,0.923077,0
case_d_p090,134,1,2,36,40,0.075000,0.925000,0
case_d_p090,135,1,2,37,41,0.073171,0.926829,0
case_d_p090,136,1,2,38,42,0.071429,0.928571,0
case_d_p090,137,1,2,39,43,0.069767,0.930233,0
case_d_p090,138,1,2,40,44,0.068182,0.931818,0
case_d_p090,139,1,2,41,45,0.066667,0.933333,0
case_d_p090,140,1,2,42,46,0.065217,0.934783,0
case_d_p090,141,1,2,43,47,0.063830,0.936170,0
case_d_p090,142,1,2,44,48,0.062500,0.937500,0
case_d_p090,143,1,2,45,49,0.061224,0.938776,0
case_d_p090,144,0,3,45,50,0.080000,0.920000,0
case_d_p090,145,1,3,46,51,0.078431,0.921569,0
case_d_p090,146,1,3,47,52,0.076923,0.923077,0
case_d_p090,147,1,3,48,53,0.075472,0.924528,0
case_d_p090,148,1,3,49,54,0.074074,0.925926,0
case_d_p090,149,1,3,50,55,0.072727,0.927273,0
case_d_p090,150,1,3,51,56,0.071429,0.928571,0
case_d_p090,151,1,3,52,57,0.070175,0.929825,0
case_d_p090,152,1,3,53,58,0.068966,0.931034,0
case_d_p090,153,1,3,54,59,0.067797,0.932203,0
case_d_p090,154,0,4,54,60,0.083333,0.916667,0
case_d_p090,155,0,5,54,61,0.098361,0.901639,0
case_d_p090,156,1,5,55,62,0.096774,0.903226,0
case_d_p090,157,1,5,56,63,0.095238,0.904762,0
case_d_p090,158,1,5,57,64,0.093750,0.906250,0
case_d_p090,159,1,2,29,33,0.090909,0.909091,1
case_d_p090,160,1,2,30,34,0.088235,0.911765,0
case_d_p090,161,1,2,31,35,0.085714,0.914286,0
case_d_p090,162,1,2,32,36,0.083333,0.916667,0
case_d_p090,163,1,2,33,37,0.081081,0.918919,0
case_d_p090,164,1,2,34,38,0.078947,0.921053,0
case_d_p090,165,1,2,35,39,0.076923,0.923077,0
case_d_p090,166,1,2,36,40,0.075000,0.925000,0
case_d_p090,167,1,2,37,41,0.073171,0.926829,0
case_d_p090,168,1,2,38,42,0.071429,0.928571,0
case_d_p090,169,1,2,39,43,0.069767,0.930233,0
case_d_p090,170,1,2,40,44,0.068182,0.931818,0
case_d_p090,171,1,2,41,45,0.066667,0.933333,0
case_d_p090,172,1,2,42,46,0.065217,0.934783,0
case_d_p090,173,1,2,43,47,0.063830,0.936170,0
case_d_p090,174,1,2,44,48,0.062500,0.937500,0
case_d_p090,175,0,3,44,49,0.081633,0.918367,0
case_d_p090,176,1,3,45,50,0.080000,0.920000,0
case_d_p090,177,1,3,46,51,0.078431,0.921569,0
case_d_p090,178,1,3,47,52,0.076923,0.923077,0
case_d_p090,179,1,3,48,53,0.075472,0.924528,0
case_d_p090,180,1,3,49,54,0.074074,0.925926,0
case_d_p090,181,1,3,50,55,0.072727,0.927273,0
case_d_p090,182,1,3,51,56,0.071429,0.928571,0
case_d_p090,183,1,3,52,57,0.070175,0.929825,0
case_d_p090,184,1,3,53,58,0.068966,0.931034,0
case_d_p090,185,0,4,53,59,0.084746,0.915254,0
case_d_p090,186,0,5,53,60,0.100000,0.900000,0
case_d_p090,187,1,5,54,61,0.098361,0.901639,0
case_d_p090,188,1,5,55,62,0.096774,0.903226,0
case_d_p090,189,1,5,56,63,0.095238,0.904762,0
case_d_p090,190,1,5,57,64,0.093750,0.906250,0
case_d_p090,191,1,2,29,33,0.090909,0.909091,1
case_d_p090,192,1,2,30,34,0.088235,0.911765,0
case_d_p090,193,1,2,31,35,0.085714,0.914286,0
case_d_p090,194,1,2,32,36,0.083333,0.916667,0
case_d_p090,195,1,2,33,37,0.081081,0.918919,0
case_d_p090,196,1,2,34,38,0.078947,0.921053,0
case_d_p090,197,0,3,34,39,0.102564,0.897436,0
case_d_p090,198,1,3,35,40,0.100000,0.900000,0
case_d_p090,199,0,4,35,41,0.121951,0.878049,0
case_d_p090,200,1,4,36,42,0.119048,0.880952,0
case_d_p090,201,1,4,37,43,0.116279,0.883721,0
case_d_p090,202,1,4,38,44,0.113636,0.886364,0
case_d_p090,203,1,4,39,45,0.111111,0.888889,0
case_d_p090,204,1,4,40,46,0.108696,0.891304,0
case_d_p090,205,1,4,41,47,0.106383,0.893617,0
case_d_p090,206,1,4,42,48,0.104167,0.895833,0
case_d_p090,207,0,5,42,49,0.122449,0.877551,0
case_d_p090,208,1,5,43,50,0.120000,0.880000,0
case_d_p090,209,1,5,44,51,0.117647,0.882353,0
case_d_p090,210,1,5,45,52,0.115385,0.884615,0
case_d_p090,211,1,5,46,53,0.113208,0.886792,0
case_d_p090,212,1,5,47,54,0.111111,0.888889,0
case_d_p090,213,1,5,48,55,0.109091,0.890909,0
case_d_p090,214,0,6,48,56,0.125000,0.875000,0
case_d_p090,215,1,6,49,57,0.122807,0.877193,0
case_d_p090,216,1,6,50,58,0.120690,0.879310,0
case_d_p090,217,1,6,51,59,0.118644,0.881356,0
case_d_p090,218,1,6,52,60,0.116667,0.883333,0
case_d_p090,219,1,6,53,61,0.114754,0.885246,0
case_d_p090,220,1,6,54,62,0.112903,0.887097,0
case_d_p090,221,1,6,55,63,0.111111,0.888889,0
case_d_p090,222,1,6,56,64,0.109375,0.890625,0
case_d_p090,223,1,3,28,33,0.121212,0.878788,1
case_d_p090,224,1,3,29,34,0.117647,0.882353,0
case_d_p090,225,1,3,30,35,0.114286,0.885714,0
case_d_p090,226,0,4,30,36,0.138889,0.861111,0
case_d_p090,227,1,4,31,37,0.135135,0.864865,0
case_d_p090,228,1,4,32,38,0.131579,0.868421,0
case_d_p090,229,1,4,33,39,0.128205,0.871795,0
case_d_p090,230,1,4,34,40,0.125000,0.875000,0
case_d_p090,231,1,4,35,41,0.121951,0.878049,0
case_d_p090,232,1,4,36,42,0.119048,0.880952,0
case_d_p090,233,1,4,37,43,0.116279,0.883721,0
case_d_p090,234,1,4,38,44,0.113636,0.886364,0
case_d_p090,235,1,4,39,45,0.111111,0.888889,0
case_d_p090,236,1,4,40,46,0.108696,0.891304,0
case_d_p090,237,1,4,41,47,0.106383,0.893617,0
case_d_p090,238,1,4,42,48,0.104167,0.895833,0
case_d_p090,239,1,4,43,49,0.102041,0.897959,0
case_d_p090,240,1,4,44,50,0.100000,0.900000,0
case_d_p090,241,1,4,45,51,0.098039,0.901961,0
case_d_p090,242,0,5,45,52,0.115385,0.884615,0
case_d_p090,243,1,5,46,53,0.113208,0.886792,0
case_d_p090,244,1,5,47,54,0.111111,0.888889,0
case_d_p090,245,1,5,48,55,0.109091,0.890909,0
case_d_p090,246,1,5,49,56,0.107143,0.892857,0
case_d_p090,247,1,5,50,57,0.105263,0.894737,0
case_d_p090,248,1,5,51,58,0.103448,0.896552,0
case_d_p090,249,1,5,52,59,0.101695,0.898305,0
case_d_p090,250,1,5,53,60,0.100000,0.900000,0
case_d_p090,251,1,5,54,61,0.098361,0.901639,0
case_d_p090,252,1,5,55,62,0.096774,0.903226,0
case_d_p090,253,1,5,56,63,0.095238,0.904762,0
case_d_p090,254,1,5,57,64,0.093750,0.906250,0
case_d_p090,255,1,2,29,33,0.090909,0.909091,1
case_d_p090,256,1,2,30,34,0.088235,0.911765,0
