block_id,left,top,level,block_size,is_leaf
0,0,0,4,16,1
1,16,0,3,8,1
2,24,0,2,4,1
3,28,0,2,4,1
4,24,4,2,4,1
5,28,4,2,4,1
6,16,8,3,8,1
7,24,8,3,8,1
8,0,16,4,16,1
9,16,16,2,4,1
10,20,16,2,4,1
11,16,20,2,4,1
12,20,20,2,4,1
13,24,16,3,8,1
14,16,24,2,4,1
15,20,24,2,4,1
16,16,28,2,4,1
17,20,28,2,4,1
18,24,24,3,8,1
19,32,0,2,4,1
20,36,0,2,4,1
21,32,4,2,4,1
22,36,4,2,4,1
23,40,0,3,8,1
24,32,8,3,8,1
25,40,8,3,8,1
26,48,0,4,16,1
27,32,16,3,8,1
28,40,16,3,8,1
29,32,24,2,4,1
30,36,24,2,4,1
31,32,28,2,4,1
32,36,28,2,4,1
33,40,24,2,4,1
34,44,24,2,4,1
35,40,28,2,4,1
36,44,28,2,4,1
37,48,16,3,8,1
38,56,16,3,8,1
39,48,24,3,8,1
40,56,24,3,8,1
41,0,32,3,8,1
42,8,32,3,8,1
43,0,40,3,8,1
44,8,40,2,4,1
45,12,40,2,4,1
46,8,44,2,4,1
47,12,44,2,4,1
48,16,32,3,8,1
49,24,32,3,8,1
50,16,40,2,4,1
51,20,40,2,4,1
52,16,44,2,4,1
53,20,44,2,4,1
54,24,40,3,8,1
55,0,48,3,8,1
56,8,48,3,8,1
57,0,56,3,8,1
58,8,56,2,4,1
59,12,56,2,4,1
60,8,60,2,4,1
61,12,60,2,4,1
62,16,48,4,16,1
63,32,32,2,4,1
64,36,32,2,4,1
65,32,36,2,4,1
66,36,36,2,4,1
67,40,32,3,8,1
68,32,40,3,8,1
69,40,40,3,8,1
70,48,32,4,16,1
71,32,48,4,16,1
72,48,48,3,8,1
73,56,48,3,8,1
74,48,56,3,8,1
75,56,56,3,8,1
76,64,0,4,16,1
77,80,0,2,4,1
78,84,0,2,4,1
79,80,4,2,4,1
80,84,4,2,4,1
81,88,0,2,4,1
82,92,0,2,4,1
83,88,4,2,4,1
84,92,4,2,4,1
85,80,8,3,8,1
86,88,8,3,8,1
87,64,16,2,4,1
88,68,16,2,4,1
89,64,20,2,4,1
90,68,20,2,4,1
91,72,16,3,8,1
92,64,24,2,4,1
93,68,24,2,4,1
94,64,28,2,4,1
95,68,28,2,4,1
96,72,24,3,8,1
97,80,16,3,8,1
98,88,16,3,8,1
99,80,24,2,4,1
100,84,24,2,4,1
101,80,28,2,4,1
102,84,28,2,4,1
103,88,24,2,4,1
104,92,24,2,4,1
105,88,28,2,4,1
106,92,28,2,4,1
107,96,0,3,8,1
108,104,0,3,8,1
109,96,8,3,8,1
110,104,8,3,8,1
111,112,0,4,16,1
112,96,16,3,8,1
113,104,16,3,8,1
114,96,24,2,4,1
115,100,24,2,4,1
116,96,28,2,4,1
117,100,28,2,4,1
118,104,24,3,8,1
119,112,16,4,16,1
120,64,32,3,8,1
121,72,32,3,8,1
122,64,40,2,4,1
123,68,40,2,4,1
124,64,44,2,4,1
125,68,44,2,4,1
126,72,40,3,8,1
127,80,32,4,16,1
128,64,48,3,8,1
129,72,48,3,8,1
130,64,56,3,8,1
131,72,56,3,8,1
132,80,48,4,16,1
133,96,32,2,4,1
134,100,32,2,4,1
135,96,36,2,4,1
136,100,36,2,4,1
137,104,32,3,8,1
138,96,40,3,8,1
139,104,40,3,8,1
140,112,32,2,4,1
141,116,32,2,4,1
142,112,36,2,4,1
143,116,36,2,4,1
144,120,32,2,4,1
145,124,32,2,4,1
146,120,36,2,4,1
147,124,36,2,4,1
148,112,40,3,8,1
149,120,40,3,8,1
150,96,48,2,4,1
151,100,48,2,4,1
152,96,52,2,4,1
153,100,52,2,4,1
154,104,48,3,8,1
155,96,56,2,4,1
156,100,56,2,4,1
157,96,60,2,4,1
158,100,60,2,4,1
159,104,56,2,4,1
160,108,56,2,4,1
161,104,60,2,4,1
162,108,60,2,4,1
163,112,48,2,4,1
164,116,48,2,4,1
165,112,52,2,4,1
166,116,52,2,4,1
167,120,48,2,4,1
168,124,48,2,4,1
169,120,52,2,4,1
170,124,52,2,4,1
171,112,56,3,8,1
172,120,56,3,8,1
173,0,64,3,8,1
174,8,64,2,4,1
175,12,64,2,4,1
176,8,68,2,4,1
177,12,68,2,4,1
178,0,72,3,8,1
179,8,72,3,8,1
180,16,64,4,16,1
181,0,80,2,4,1
182,4,80,2,4,1
183,0,84,2,4,1
184,4,84,2,4,1
185,8,80,3,8,1
186,0,88,2,4,1
187,4,88,2,4,1
188,0,92,2,4,1
189,4,92,2,4,1
190,8,88,3,8,1
191,16,80,4,16,1
192,32,64,2,4,1
193,36,64,2,4,1
194,32,68,2,4,1
195,36,68,2,4,1
196,40,64,3,8,1
197,32,72,3,8,1
198,40,72,3,8,1
199,48,64,4,16,1
200,32,80,4,16,1
201,48,80,4,16,1
202,0,96,3,8,1
203,8,96,2,4,1
204,12,96,2,4,1
205,8,100,2,4,1
206,12,100,2,4,1
207,0,104,3,8,1
208,8,104,3,8,1
209,16,96,3,8,1
210,24,96,3,8,1
211,16,104,3,8,1
212,24,104,3,8,1
213,0,112,2,4,1
214,4,112,2,4,1
215,0,116,2,4,1
216,4,116,2,4,1
217,8,112,3,8,1
218,0,120,3,8,1
219,8,120,3,8,1
220,16,112,4,16,1
221,32,96,3,8,1
222,40,96,3,8,1
223,32,104,2,4,1
224,36,104,2,4,1
225,32,108,2,4,1
226,36,108,2,4,1
227,40,104,3,8,1
228,48,96,3,8,1
229,56,96,3,8,1
230,48,104,3,8,1
231,56,104,2,4,1
232,60,104,2,4,1
233,56,108,2,4,1
234,60,108,2,4,1
235,32,112,3,8,1
236,40,112,3,8,1
237,32,120,3,8,1
238,40,120,3,8,1
239,48,112,3,8,1
240,56,112,3,8,1
241,48,120,2,4,1
242,52,120,2,4,1
243,48,124,2,4,1
244,52,124,2,4,1
245,56,120,2,4,1
246,60,120,2,4,1
247,56,124,2,4,1
248,60,124,2,4,1
249,64,64,3,8,1
250,72,64,2,4,1
251,76,64,2,4,1
252,72,68,2,4,1
253,76,68,2,4,1
254,64,72,2,4,1
255,68,72,2,4,1
256,64,76,2,4,1
257,68,76,2,4,1
258,72,72,2,4,1
259,76,72,2,4,1
260,72,76,2,4,1
261,76,76,2,4,1
262,80,64,3,8,1
263,88,64,3,8,1
264,80,72,2,4,1
265,84,72,2,4,1
266,80,76,2,4,1
267,84,76,2,4,1
268,88,72,3,8,1
269,64,80,2,4,1
270,68,80,2,4,1
271,64,84,2,4,1
272,68,84,2,4,1
273,72,80,2,4,1
274,76,80,2,4,1
275,72,84,2,4,1
276,76,84,2,4,1
277,64,88,2,4,1
278,68,88,2,4,1
279,64,92,2,4,1
280,68,92,2,4,1
281,72,88,2,4,1
282,76,88,2,4,1
283,72,92,2,4,1
284,76,92,2,4,1
285,80,80,3,8,1
286,88,80,2,4,1
287,92,80,2,4,1
288,88,84,2,4,1
289,92,84,2,4,1
290,80,88,2,4,1
291,84,88,2,4,1
292,80,92,2,4,1
293,84,92,2,4,1
294,88,88,3,8,1
295,96,64,3,8,1
296,104,64,2,4,1
297,108,64,2,4,1
298,104,68,2,4,1
299,108,68,2,4,1
300,96,72,3,8,1
301,104,72,3,8,1
302,112,64,4,16,1
303,96,80,2,4,1
304,100,80,2,4,1
305,96,84,2,4,1
306,100,84,2,4,1
307,104,80,3,8,1
308,96,88,3,8,1
309,104,88,3,8,1
310,112,80,4,16,1
311,64,96,2,4,1
312,68,96,2,4,1
313,64,100,2,4,1
314,68,100,2,4,1
315,72,96,3,8,1
316,64,104,3,8,1
317,72,104,2,4,1
318,76,104,2,4,1
319,72,108,2,4,1
320,76,108,2,4,1
321,80,96,3,8,1
322,88,96,3,8,1
323,80,104,3,8,1
324,88,104,3,8,1
325,64,112,2,4,1
326,68,112,2,4,1
327,64,116,2,4,1
328,68,116,2,4,1
329,72,112,2,4,1
330,76,112,2,4,1
331,72,116,2,4,1
332,76,116,2,4,1
333,64,120,3,8,1
334,72,120,3,8,1
335,80,112,4,16,1
336,96,96,3,8,1
337,104,96,3,8,1
338,96,104,3,8,1
339,104,104,3,8,1
340,112,96,4,16,1
341,96,112,2,4,1
342,100,112,2,4,1
343,96,116,2,4,1
344,100,116,2,4,1
345,104,112,3,8,1
346,96,120,2,4,1
347,100,120,2,4,1
348,96,124,2,4,1
349,100,124,2,4,1
350,104,120,3,8,1
351,112,112,4,16,1
