block_id,channel,block_size,coeff_index,is_low_freq,level,abs_level,q,dequantized_value,context_base_if_available
0,0,16,0,1,4,400,NA,400,45
0,2,16,0,1,4,160,NA,-160,55
5,0,4,0,1,2,480,NA,480,45
5,0,4,1,1,2,240,NA,-240,45
5,0,4,2,0,2,80,NA,-80,25
5,0,4,4,0,2,160,NA,-160,25
5,0,4,5,0,2,80,NA,-80,25
5,0,4,6,0,2,80,NA,80,25
5,0,4,7,0,2,80,NA,80,25
10,0,4,0,1,2,160,NA,160,45
10,0,4,1,1,2,240,NA,-240,45
10,0,4,2,0,2,160,NA,160,25
10,0,4,4,0,2,80,NA,-80,25
10,0,4,5,0,2,80,NA,80,25
13,0,8,0,1,3,80,NA,80,45
16,0,4,0,1,2,160,NA,160,45
16,0,4,1,1,2,240,NA,-240,45
16,0,4,2,0,2,80,NA,80,25
16,0,4,5,0,2,80,NA,80,25
17,0,4,0,1,2,160,NA,160,45
18,2,8,0,1,3,160,NA,160,55
19,0,4,0,1,2,640,NA,640,45
19,0,4,1,1,2,160,NA,-160,45
19,0,4,2,0,2,80,NA,-80,25
19,0,4,4,0,2,160,NA,-160,25
19,0,4,5,0,2,160,NA,-160,25
20,0,4,0,1,2,80,NA,-80,45
23,0,8,0,1,3,160,NA,-160,45
23,2,8,0,1,3,160,NA,160,55
24,0,8,0,1,3,80,NA,80,45
24,2,8,0,1,3,160,NA,160,55
25,2,8,0,1,3,160,NA,160,55
26,0,16,0,1,4,160,NA,-160,45
26,0,16,16,1,4,240,NA,-240,45
26,0,16,17,1,4,80,NA,-80,45
26,0,16,32,0,4,160,NA,-160,25
26,1,16,0,1,4,160,NA,-160,55
26,2,16,0,1,4,320,NA,320,55
27,2,8,0,1,3,160,NA,160,55
28,0,8,0,1,3,240,NA,-240,45
28,0,8,16,0,3,160,NA,160,25
28,2,8,0,1,3,160,NA,160,55
30,0,4,0,1,2,160,NA,-160,45
30,0,4,1,1,2,160,NA,160,45
30,0,4,2,0,2,80,NA,-80,25
32,0,4,0,1,2,80,NA,-80,45
33,0,4,0,1,2,160,NA,-160,45
33,0,4,4,0,2,80,NA,80,25
34,0,4,0,1,2,80,NA,-80,45
34,0,4,4,0,2,160,NA,160,25
35,0,4,0,1,2,240,NA,-240,45
36,0,4,0,1,2,80,NA,80,45
36,0,4,4,0,2,80,NA,-80,25
37,0,8,0,1,3,80,NA,-80,45
38,0,8,0,1,3,80,NA,80,45
39,0,8,0,1,3,160,NA,160,45
39,0,8,1,1,3,160,NA,-160,45
39,0,8,8,0,3,240,NA,-240,25
39,0,8,9,0,3,80,NA,80,25
39,0,8,16,0,3,160,NA,160,25
39,1,8,0,1,3,160,NA,-160,55
39,2,8,0,1,3,160,NA,160,55
40,0,8,0,1,3,80,NA,-80,45
40,0,8,2,1,3,80,NA,-80,45
40,2,8,0,1,3,160,NA,160,55
45,0,4,0,1,2,80,NA,80,45
47,0,4,0,1,2,160,NA,160,45
47,0,4,1,1,2,240,NA,-240,45
47,0,4,2,0,2,160,NA,160,25
47,0,4,3,0,2,80,NA,-80,25
48,0,8,0,1,3,80,NA,80,45
48,0,8,1,1,3,80,NA,80,45
50,0,4,0,1,2,80,NA,-80,45
52,0,4,0,1,2,80,NA,80,45
56,0,8,0,1,3,80,NA,80,45
56,0,8,1,1,3,80,NA,-80,45
59,0,4,0,1,2,80,NA,80,45
60,0,4,0,1,2,80,NA,80,45
60,0,4,1,1,2,80,NA,-80,45
60,0,4,2,0,2,80,NA,80,25
61,0,4,0,1,2,320,NA,320,45
62,2,16,0,1,4,160,NA,160,55
64,0,4,0,1,2,80,NA,80,45
64,0,4,4,0,2,80,NA,-80,25
64,0,4,5,0,2,80,NA,80,25
66,0,4,0,1,2,160,NA,-160,45
66,2,4,0,1,2,160,NA,160,55
70,0,16,0,1,4,320,NA,-320,45
70,0,16,1,1,4,160,NA,160,45
70,0,16,4,1,4,80,NA,-80,45
70,0,16,16,1,4,160,NA,160,45
70,0,16,17,1,4,80,NA,-80,45
70,0,16,48,0,4,160,NA,-160,25
70,0,16,64,0,4,240,NA,240,25
70,0,16,65,0,4,160,NA,-160,25
70,1,16,0,1,4,160,NA,-160,55
70,2,16,0,1,4,160,NA,160,55
71,0,16,0,1,4,400,NA,-400,45
71,0,16,1,1,4,80,NA,-80,45
71,0,16,3,1,4,160,NA,160,45
71,0,16,17,1,4,160,NA,160,45
71,0,16,18,1,4,80,NA,-80,45
71,0,16,19,1,4,80,NA,-80,45
71,1,16,0,1,4,160,NA,-160,55
71,2,16,0,1,4,160,NA,160,55
72,0,8,0,1,3,80,NA,80,45
72,0,8,1,1,3,80,NA,-80,45
72,0,8,8,0,3,240,NA,240,25
72,0,8,9,0,3,160,NA,160,25
72,0,8,17,0,3,160,NA,-160,25
73,0,8,0,1,3,160,NA,-160,45
73,0,8,16,0,3,160,NA,160,25
75,0,8,0,1,3,160,NA,-160,45
76,0,16,0,1,4,240,NA,-240,45
76,0,16,1,1,4,160,NA,160,45
76,0,16,16,1,4,160,NA,-160,45
76,0,16,33,0,4,160,NA,-160,25
77,0,4,0,1,2,240,NA,240,45
77,2,4,0,1,2,160,NA,-160,55
80,0,4,0,1,2,80,NA,80,45
81,0,4,0,1,2,400,NA,-400,45
81,0,4,1,1,2,240,NA,240,45
81,0,4,4,0,2,160,NA,-160,25
81,0,4,6,0,2,160,NA,160,25
84,0,4,0,1,2,80,NA,-80,45
85,0,8,0,1,3,80,NA,-80,45
86,0,8,0,1,3,80,NA,-80,45
89,0,4,0,1,2,80,NA,-80,45
90,0,4,0,1,2,80,NA,-80,45
91,0,8,0,1,3,240,NA,-240,45
91,0,8,16,0,3,160,NA,160,25
91,2,8,0,1,3,160,NA,160,55
93,0,4,4,0,2,80,NA,80,25
94,0,4,0,1,2,80,NA,-80,45
95,0,4,0,1,2,160,NA,-160,45
95,0,4,4,0,2,80,NA,-80,25
95,0,4,5,0,2,80,NA,80,25
95,0,4,8,0,2,80,NA,80,25
95,0,4,10,0,2,80,NA,-80,25
95,2,4,0,1,2,160,NA,-160,55
96,0,8,0,1,3,560,NA,-560,45
96,0,8,1,1,3,320,NA,320,45
96,0,8,16,0,3,320,NA,320,25
96,0,8,18,0,3,160,NA,-160,25
97,0,8,0,1,3,160,NA,-160,45
97,2,8,0,1,3,160,NA,-160,55
100,0,4,0,1,2,80,NA,-80,45
102,0,4,4,0,2,80,NA,-80,25
109,0,8,0,1,3,80,NA,-80,45
111,1,16,0,1,4,160,NA,160,55
111,2,16,0,1,4,160,NA,-160,55
112,0,8,0,1,3,80,NA,80,45
112,0,8,2,1,3,80,NA,-80,45
113,0,8,0,1,3,80,NA,80,45
115,0,4,0,1,2,80,NA,80,45
115,0,4,1,1,2,80,NA,80,45
117,0,4,2,0,2,80,NA,-80,25
117,0,4,3,0,2,80,NA,-80,25
120,0,8,0,1,3,80,NA,80,45
120,0,8,1,1,3,160,NA,-160,45
121,0,8,0,1,3,80,NA,-80,45
122,0,4,0,1,2,160,NA,-160,45
122,0,4,1,1,2,80,NA,-80,45
122,0,4,4,0,2,160,NA,160,25
123,0,4,0,1,2,160,NA,160,45
123,0,4,1,1,2,160,NA,-160,45
127,0,16,0,1,4,640,NA,-640,45
127,0,16,2,1,4,400,NA,400,45
127,0,16,3,1,4,240,NA,-240,45
127,0,16,4,1,4,160,NA,160,45
127,0,16,6,1,4,80,NA,-80,45
127,0,16,7,1,4,80,NA,80,45
127,0,16,16,1,4,160,NA,160,45
127,0,16,18,1,4,80,NA,-80,45
127,0,16,20,1,4,80,NA,-80,45
127,2,16,0,1,4,160,NA,-160,55
127,2,16,1,1,4,320,NA,320,55
128,0,8,0,1,3,480,NA,-480,45
128,0,8,1,1,3,160,NA,160,45
128,0,8,8,0,3,80,NA,80,25
128,0,8,9,0,3,160,NA,-160,25
128,0,8,16,0,3,240,NA,240,25
128,0,8,24,0,3,80,NA,-80,25
128,1,8,0,1,3,160,NA,-160,55
129,0,8,0,1,3,240,NA,-240,45
129,0,8,1,1,3,240,NA,-240,45
129,0,8,2,1,3,80,NA,-80,45
129,0,8,8,0,3,160,NA,160,25
129,0,8,9,0,3,160,NA,160,25
130,0,8,0,1,3,80,NA,-80,45
130,0,8,1,1,3,240,NA,-240,45
130,0,8,8,0,3,160,NA,-160,25
131,0,8,0,1,3,160,NA,160,45
131,1,8,0,1,3,160,NA,160,55
132,0,16,0,1,4,320,NA,320,45
132,0,16,1,1,4,80,NA,-80,45
132,0,16,3,1,4,160,NA,160,45
132,0,16,4,1,4,160,NA,-160,45
132,0,16,16,1,4,80,NA,-80,45
132,0,16,19,1,4,160,NA,-160,45
132,0,16,21,1,4,80,NA,80,45
132,0,16,22,1,4,80,NA,-80,45
134,0,4,1,1,2,240,NA,240,45
134,0,4,2,0,2,160,NA,-160,25
136,0,4,1,1,2,160,NA,160,45
136,0,4,2,0,2,160,NA,-160,25
136,0,4,3,0,2,80,NA,80,25
138,0,8,0,1,3,80,NA,80,45
139,0,8,0,1,3,560,NA,-560,45
139,2,8,0,1,3,160,NA,-160,55
143,0,4,0,1,2,160,NA,160,45
143,0,4,4,0,2,80,NA,-80,25
143,0,4,5,0,2,80,NA,-80,25
143,0,4,7,0,2,80,NA,80,25
144,0,4,0,1,2,160,NA,160,45
145,0,4,0,1,2,240,NA,240,45
145,0,4,1,1,2,160,NA,-160,45
145,0,4,2,0,2,80,NA,80,25
145,0,4,4,0,2,80,NA,-80,25
145,0,4,5,0,2,160,NA,160,25
145,0,4,7,0,2,80,NA,-80,25
145,0,4,10,0,2,80,NA,-80,25
146,0,4,0,1,2,80,NA,80,45
146,0,4,10,0,2,160,NA,160,25
147,0,4,0,1,2,80,NA,-80,45
147,2,4,0,1,2,160,NA,160,55
148,0,8,0,1,3,160,NA,160,45
148,0,8,1,1,3,240,NA,240,45
148,0,8,2,1,3,240,NA,-240,45
148,0,8,3,1,3,240,NA,-240,45
148,0,8,8,0,3,80,NA,-80,25
148,0,8,9,0,3,160,NA,-160,25
148,0,8,11,0,3,160,NA,160,25
148,0,8,12,0,3,160,NA,160,25
148,0,8,18,0,3,80,NA,80,25
148,0,8,19,0,3,160,NA,160,25
148,0,8,20,0,3,80,NA,-80,25
148,0,8,21,0,3,160,NA,-160,25
150,0,4,0,1,2,80,NA,80,45
151,0,4,0,1,2,160,NA,-160,45
151,0,4,1,1,2,240,NA,240,45
151,0,4,2,0,2,160,NA,-160,25
154,0,8,1,1,3,240,NA,-240,45
154,0,8,2,1,3,240,NA,240,45
154,0,8,3,1,3,80,NA,-80,45
154,0,8,11,0,3,160,NA,-160,25
154,0,8,12,0,3,160,NA,160,25
154,0,8,13,0,3,160,NA,-160,25
154,0,8,14,0,3,80,NA,80,25
154,0,8,16,0,3,80,NA,-80,25
154,0,8,17,0,3,160,NA,160,25
154,0,8,18,0,3,80,NA,-80,25
154,0,8,19,0,3,80,NA,80,25
154,2,8,0,1,3,160,NA,-160,55
156,0,4,0,1,2,80,NA,80,45
158,0,4,1,1,2,160,NA,-160,45
159,0,4,1,1,2,160,NA,160,45
159,0,4,2,0,2,80,NA,80,25
160,0,4,1,1,2,80,NA,80,45
160,0,4,2,0,2,160,NA,160,25
160,0,4,3,0,2,80,NA,-80,25
160,0,4,5,0,2,80,NA,-80,25
161,0,4,0,1,2,160,NA,160,45
161,0,4,1,1,2,160,NA,-160,45
161,0,4,2,0,2,80,NA,80,25
161,0,4,3,0,2,80,NA,80,25
161,0,4,4,0,2,160,NA,-160,25
161,0,4,5,0,2,160,NA,160,25
162,0,4,1,1,2,80,NA,80,45
162,0,4,2,0,2,80,NA,80,25
163,0,4,1,1,2,80,NA,80,45
163,0,4,3,0,2,80,NA,80,25
163,0,4,4,0,2,160,NA,160,25
165,0,4,0,1,2,160,NA,-160,45
167,0,4,0,1,2,80,NA,-80,45
171,0,8,0,1,3,80,NA,-80,45
171,2,8,0,1,3,160,NA,-160,55
172,0,8,0,1,3,80,NA,-80,45
172,2,8,0,1,3,160,NA,160,55
174,0,4,0,1,2,80,NA,80,45
174,0,4,1,1,2,240,NA,-240,45
174,0,4,2,0,2,160,NA,160,25
174,0,4,5,0,2,80,NA,80,25
176,0,4,0,1,2,80,NA,-80,45
179,0,8,0,1,3,80,NA,-80,45
179,0,8,2,1,3,80,NA,-80,45
179,2,8,0,1,3,160,NA,160,55
180,0,16,2,1,4,80,NA,-80,45
182,0,4,0,1,2,240,NA,240,45
182,0,4,1,1,2,240,NA,-240,45
182,0,4,2,0,2,160,NA,160,25
182,0,4,3,0,2,80,NA,-80,25
182,0,4,4,0,2,80,NA,-80,25
182,0,4,5,0,2,80,NA,80,25
184,0,4,0,1,2,80,NA,-80,45
187,0,4,0,1,2,80,NA,-80,45
188,0,4,0,1,2,240,NA,240,45
188,0,4,1,1,2,240,NA,-240,45
188,0,4,2,0,2,80,NA,80,25
188,0,4,4,0,2,80,NA,-80,25
188,0,4,5,0,2,80,NA,80,25
189,0,4,0,1,2,160,NA,160,45
190,0,8,2,1,3,80,NA,80,45
191,0,16,0,1,4,80,NA,-80,45
191,0,16,1,1,4,80,NA,80,45
193,0,4,0,1,2,480,NA,-480,45
193,0,4,1,1,2,80,NA,-80,45
193,0,4,4,0,2,80,NA,80,25
194,0,4,0,1,2,80,NA,-80,45
194,0,4,1,1,2,80,NA,80,45
194,0,4,2,0,2,80,NA,-80,25
195,0,4,0,1,2,480,NA,-480,45
196,0,8,0,1,3,400,NA,-400,45
196,0,8,1,1,3,240,NA,-240,45
196,0,8,8,0,3,240,NA,240,25
197,0,8,1,1,3,80,NA,80,45
198,0,8,0,1,3,80,NA,80,45
198,0,8,1,1,3,160,NA,160,45
198,0,8,2,1,3,80,NA,-80,45
199,0,16,0,1,4,640,NA,640,45
199,0,16,1,1,4,240,NA,-240,45
199,0,16,16,1,4,80,NA,80,45
199,0,16,17,1,4,80,NA,-80,45
199,0,16,32,0,4,560,NA,-560,25
199,0,16,33,0,4,160,NA,160,25
199,0,16,49,0,4,160,NA,-160,25
199,0,16,65,0,4,160,NA,160,25
200,0,16,0,1,4,2240,NA,-2240,45
200,0,16,1,1,4,240,NA,-240,45
200,0,16,2,1,4,800,NA,800,45
200,0,16,3,1,4,80,NA,80,45
200,0,16,4,1,4,320,NA,320,45
200,0,16,5,1,4,320,NA,320,45
200,0,16,6,1,4,160,NA,160,45
200,0,16,7,1,4,160,NA,160,45
200,0,16,8,1,4,80,NA,80,45
200,0,16,19,1,4,160,NA,160,45
200,1,16,0,1,4,160,NA,-160,55
200,2,16,0,1,4,160,NA,160,55
200,2,16,1,1,4,320,NA,-320,55
200,2,16,2,1,4,160,NA,160,55
201,0,16,0,1,4,560,NA,560,45
201,0,16,1,1,4,160,NA,160,45
201,0,16,16,1,4,480,NA,-480,45
201,0,16,17,1,4,160,NA,160,45
201,0,16,32,0,4,160,NA,-160,25
202,0,8,0,1,3,240,NA,240,45
202,0,8,1,1,3,320,NA,-320,45
202,0,8,2,1,3,240,NA,-240,45
202,0,8,3,1,3,80,NA,-80,45
202,0,8,8,0,3,160,NA,-160,25
202,0,8,9,0,3,160,NA,-160,25
202,0,8,10,0,3,80,NA,-80,25
202,2,8,0,1,3,160,NA,160,55
203,0,4,0,1,2,160,NA,-160,45
203,0,4,1,1,2,160,NA,160,45
205,0,4,0,1,2,320,NA,-320,45
205,0,4,2,0,2,80,NA,80,25
207,0,8,0,1,3,240,NA,-240,45
207,0,8,1,1,3,240,NA,240,45
207,0,8,2,1,3,160,NA,-160,45
207,0,8,8,0,3,160,NA,160,25
207,0,8,9,0,3,80,NA,-80,25
208,0,8,0,1,3,160,NA,160,45
208,0,8,1,1,3,240,NA,-240,45
208,0,8,2,1,3,80,NA,-80,45
210,0,8,0,1,3,240,NA,-240,45
210,0,8,1,1,3,160,NA,160,45
210,0,8,3,1,3,80,NA,80,45
212,0,8,0,1,3,160,NA,-160,45
212,0,8,1,1,3,160,NA,160,45
212,0,8,2,1,3,80,NA,-80,45
212,0,8,4,1,3,80,NA,80,45
212,0,8,5,1,3,80,NA,-80,45
213,0,4,0,1,2,320,NA,-320,45
213,0,4,1,1,2,80,NA,-80,45
213,0,4,4,0,2,80,NA,-80,25
214,2,4,0,1,2,160,NA,160,55
218,0,8,0,1,3,80,NA,80,45
218,0,8,4,1,3,80,NA,80,45
220,0,16,0,1,4,720,NA,-720,45
220,0,16,1,1,4,720,NA,720,45
220,0,16,2,1,4,240,NA,-240,45
220,0,16,16,1,4,160,NA,160,45
220,0,16,18,1,4,80,NA,-80,45
220,0,16,22,1,4,80,NA,80,45
220,1,16,0,1,4,160,NA,-160,55
221,0,8,0,1,3,480,NA,-480,45
221,0,8,1,1,3,240,NA,240,45
221,0,8,2,1,3,160,NA,160,45
221,0,8,3,1,3,80,NA,80,45
224,0,4,0,1,2,80,NA,80,45
225,0,4,0,1,2,80,NA,80,45
225,0,4,1,1,2,80,NA,-80,45
225,0,4,3,0,2,80,NA,-80,25
226,0,4,0,1,2,80,NA,80,45
226,0,4,1,1,2,80,NA,-80,45
226,2,4,0,1,2,160,NA,160,55
227,0,8,0,1,3,160,NA,160,45
227,0,8,1,1,3,160,NA,160,45
227,0,8,2,1,3,80,NA,80,45
228,0,8,0,1,3,80,NA,80,45
229,0,8,0,1,3,80,NA,80,45
229,2,8,0,1,3,160,NA,-160,55
230,0,8,0,1,3,80,NA,80,45
234,0,4,0,1,2,80,NA,-80,45
234,0,4,1,1,2,160,NA,160,45
234,0,4,2,0,2,80,NA,-80,25
234,0,4,4,0,2,160,NA,160,25
234,0,4,5,0,2,160,NA,-160,25
234,2,4,0,1,2,160,NA,-160,55
235,0,8,0,1,3,320,NA,320,45
235,0,8,1,1,3,160,NA,-160,45
235,0,8,3,1,3,160,NA,-160,45
235,0,8,8,0,3,80,NA,-80,25
235,0,8,13,0,3,80,NA,-80,25
235,2,8,0,1,3,160,NA,160,55
236,0,8,0,1,3,80,NA,80,45
236,2,8,0,1,3,160,NA,160,55
237,0,8,0,1,3,400,NA,400,45
237,0,8,1,1,3,240,NA,-240,45
237,0,8,2,1,3,80,NA,-80,45
237,2,8,0,1,3,160,NA,160,55
238,0,8,0,1,3,80,NA,80,45
239,2,8,0,1,3,160,NA,-160,55
240,0,8,1,1,3,400,NA,-400,45
240,0,8,2,1,3,480,NA,480,45
240,0,8,3,1,3,80,NA,-80,45
240,0,8,9,0,3,320,NA,320,25
240,0,8,10,0,3,80,NA,-80,25
240,0,8,11,0,3,160,NA,-160,25
240,0,8,18,0,3,160,NA,-160,25
240,0,8,20,0,3,160,NA,160,25
240,0,8,25,0,3,160,NA,160,25
240,2,8,0,1,3,160,NA,-160,55
242,0,4,0,1,2,240,NA,-240,45
242,0,4,1,1,2,240,NA,240,45
242,0,4,4,0,2,160,NA,160,25
242,0,4,6,0,2,160,NA,-160,25
242,0,4,11,0,2,80,NA,80,25
242,2,4,0,1,2,160,NA,-160,55
243,0,4,0,1,2,160,NA,-160,45
243,0,4,1,1,2,160,NA,160,45
243,0,4,4,0,2,80,NA,80,25
243,0,4,5,0,2,80,NA,-80,25
244,0,4,0,1,2,80,NA,80,45
245,0,4,1,1,2,80,NA,80,45
245,0,4,4,0,2,160,NA,160,25
245,0,4,6,0,2,80,NA,-80,25
245,0,4,9,0,2,160,NA,-160,25
245,0,4,10,0,2,80,NA,-80,25
245,0,4,13,0,2,80,NA,-80,25
246,0,4,0,1,2,80,NA,-80,45
246,0,4,1,1,2,80,NA,80,45
246,0,4,2,0,2,80,NA,-80,25
246,0,4,5,0,2,80,NA,-80,25
247,0,4,0,1,2,160,NA,160,45
247,0,4,1,1,2,160,NA,-160,45
247,0,4,4,0,2,80,NA,-80,25
248,0,4,0,1,2,80,NA,-80,45
248,0,4,5,0,2,80,NA,80,25
249,0,8,0,1,3,160,NA,-160,45
252,0,4,0,1,2,160,NA,-160,45
253,0,4,0,1,2,240,NA,-240,45
253,0,4,1,1,2,80,NA,80,45
253,0,4,4,0,2,160,NA,160,25
254,0,4,0,1,2,160,NA,-160,45
255,0,4,0,1,2,240,NA,-240,45
255,0,4,1,1,2,80,NA,80,45
255,0,4,4,0,2,160,NA,160,25
256,2,4,0,1,2,160,NA,-160,55
258,0,4,0,1,2,320,NA,-320,45
258,0,4,1,1,2,80,NA,80,45
258,0,4,8,0,2,80,NA,80,25
258,2,4,0,1,2,160,NA,-160,55
259,0,4,0,1,2,160,NA,160,45
259,0,4,1,1,2,80,NA,-80,45
259,0,4,2,0,2,80,NA,80,25
259,0,4,4,0,2,160,NA,160,25
259,0,4,5,0,2,80,NA,-80,25
259,0,4,9,0,2,80,NA,80,25
260,0,4,0,1,2,160,NA,160,45
260,0,4,1,1,2,80,NA,80,45
260,0,4,4,0,2,80,NA,-80,25
260,0,4,5,0,2,160,NA,-160,25
260,0,4,6,0,2,80,NA,80,25
260,0,4,8,0,2,240,NA,240,25
261,0,4,0,1,2,240,NA,240,45
261,0,4,1,1,2,160,NA,-160,45
261,0,4,4,0,2,160,NA,160,25
261,0,4,5,0,2,240,NA,240,25
261,0,4,6,0,2,160,NA,-160,25
261,0,4,9,0,2,80,NA,80,25
261,0,4,11,0,2,80,NA,-80,25
262,0,8,1,1,3,240,NA,-240,45
262,0,8,2,1,3,160,NA,160,45
262,0,8,3,1,3,80,NA,-80,45
262,0,8,8,0,3,160,NA,-160,25
262,0,8,9,0,3,80,NA,80,25
262,0,8,17,0,3,160,NA,160,25
262,2,8,0,1,3,160,NA,-160,55
263,0,8,0,1,3,240,NA,240,45
264,0,4,0,1,2,160,NA,160,45
266,0,4,0,1,2,400,NA,-400,45
266,0,4,1,1,2,80,NA,80,45
266,0,4,4,0,2,320,NA,320,25
266,0,4,6,0,2,80,NA,-80,25
266,0,4,8,0,2,80,NA,80,25
269,0,4,0,1,2,80,NA,-80,45
271,0,4,0,1,2,160,NA,160,45
271,0,4,1,1,2,80,NA,-80,45
272,0,4,0,1,2,80,NA,-80,45
273,0,4,0,1,2,80,NA,80,45
273,0,4,1,1,2,240,NA,-240,45
273,0,4,2,0,2,80,NA,80,25
273,0,4,3,0,2,80,NA,-80,25
273,0,4,4,0,2,80,NA,80,25
273,0,4,5,0,2,80,NA,80,25
273,0,4,6,0,2,80,NA,80,25
274,0,4,0,1,2,80,NA,-80,45
274,0,4,2,0,2,160,NA,160,25
274,0,4,4,0,2,160,NA,160,25
274,0,4,5,0,2,160,NA,-160,25
275,0,4,1,1,2,160,NA,-160,45
276,0,4,1,1,2,80,NA,80,45
276,0,4,3,0,2,80,NA,80,25
280,0,4,0,1,2,80,NA,-80,45
280,0,4,1,1,2,80,NA,80,45
280,0,4,4,0,2,80,NA,80,25
280,0,4,5,0,2,160,NA,-160,25
280,2,4,0,1,2,160,NA,-160,55
281,0,4,0,1,2,80,NA,80,45
282,0,4,0,1,2,80,NA,-80,45
282,2,4,0,1,2,160,NA,-160,55
285,0,8,0,1,3,240,NA,240,45
285,0,8,1,1,3,240,NA,240,45
285,0,8,2,1,3,160,NA,160,45
285,0,8,3,1,3,80,NA,-80,45
285,0,8,4,1,3,160,NA,-160,45
285,0,8,5,1,3,80,NA,-80,45
285,0,8,6,1,3,80,NA,-80,45
285,0,8,7,1,3,80,NA,-80,45
285,0,8,11,0,3,80,NA,80,25
285,0,8,12,0,3,240,NA,240,25
285,0,8,13,0,3,80,NA,80,25
285,0,8,22,0,3,80,NA,80,25
285,0,8,23,0,3,80,NA,80,25
285,2,8,0,1,3,160,NA,-160,55
287,0,4,0,1,2,80,NA,-80,45
288,0,4,0,1,2,160,NA,-160,45
288,0,4,4,0,2,240,NA,240,25
288,0,4,8,0,2,80,NA,-80,25
290,0,4,0,1,2,80,NA,-80,45
290,0,4,1,1,2,240,NA,-240,45
290,0,4,2,0,2,80,NA,-80,25
291,0,4,0,1,2,240,NA,-240,45
293,0,4,0,1,2,80,NA,80,45
294,0,8,0,1,3,240,NA,240,45
294,0,8,1,1,3,160,NA,-160,45
295,0,8,0,1,3,80,NA,80,45
295,0,8,1,1,3,240,NA,-240,45
295,0,8,2,1,3,160,NA,160,45
295,0,8,3,1,3,240,NA,240,45
295,0,8,4,1,3,240,NA,-240,45
295,0,8,5,1,3,80,NA,-80,45
295,0,8,6,1,3,80,NA,80,45
295,0,8,7,1,3,80,NA,80,45
295,0,8,9,0,3,80,NA,80,25
295,0,8,11,0,3,160,NA,-160,25
295,0,8,13,0,3,160,NA,160,25
295,0,8,15,0,3,80,NA,-80,25
295,2,8,0,1,3,160,NA,-160,55
296,0,4,0,1,2,240,NA,-240,45
296,0,4,1,1,2,240,NA,240,45
296,0,4,2,0,2,160,NA,160,25
296,0,4,9,0,2,80,NA,-80,25
296,0,4,12,0,2,80,NA,80,25
297,0,4,0,1,2,80,NA,80,45
297,0,4,1,1,2,240,NA,240,45
297,0,4,2,0,2,80,NA,80,25
298,0,4,0,1,2,80,NA,-80,45
298,0,4,1,1,2,80,NA,80,45
298,0,4,2,0,2,80,NA,-80,25
298,0,4,4,0,2,80,NA,-80,25
298,0,4,5,0,2,80,NA,-80,25
298,0,4,6,0,2,80,NA,80,25
298,0,4,12,0,2,80,NA,80,25
300,0,8,0,1,3,400,NA,-400,45
300,0,8,1,1,3,80,NA,80,45
300,0,8,3,1,3,80,NA,80,45
300,0,8,4,1,3,80,NA,80,45
300,0,8,6,1,3,80,NA,-80,45
300,0,8,8,0,3,160,NA,160,25
300,0,8,10,0,3,160,NA,-160,25
300,0,8,11,0,3,240,NA,240,25
300,0,8,12,0,3,80,NA,80,25
300,0,8,13,0,3,240,NA,-240,25
300,0,8,19,0,3,80,NA,-80,25
300,0,8,21,0,3,80,NA,-80,25
300,0,8,28,0,3,80,NA,-80,25
300,0,8,29,0,3,160,NA,160,25
301,0,8,0,1,3,320,NA,-320,45
301,2,8,0,1,3,160,NA,-160,55
305,0,4,0,1,2,240,NA,240,45
305,0,4,1,1,2,80,NA,-80,45
305,0,4,2,0,2,80,NA,-80,25
306,0,4,1,1,2,80,NA,-80,45
308,0,8,0,1,3,240,NA,-240,45
308,0,8,1,1,3,240,NA,240,45
308,0,8,4,1,3,160,NA,-160,45
308,0,8,8,0,3,80,NA,80,25
308,0,8,11,0,3,160,NA,-160,25
312,0,4,1,1,2,80,NA,80,45
312,0,4,2,0,2,80,NA,80,25
313,0,4,0,1,2,80,NA,-80,45
313,0,4,1,1,2,80,NA,80,45
313,0,4,2,0,2,80,NA,-80,25
313,0,4,4,0,2,80,NA,80,25
313,0,4,5,0,2,80,NA,-80,25
314,0,4,0,1,2,80,NA,80,45
315,0,8,0,1,3,160,NA,160,45
315,2,8,0,1,3,160,NA,-160,55
316,2,8,0,1,3,160,NA,-160,55
317,0,4,0,1,2,80,NA,80,45
318,0,4,0,1,2,80,NA,-80,45
320,0,4,0,1,2,160,NA,160,45
320,0,4,2,0,2,80,NA,-80,25
320,0,4,5,0,2,80,NA,-80,25
321,0,8,1,1,3,160,NA,-160,45
322,0,8,0,1,3,80,NA,80,45
322,0,8,1,1,3,240,NA,-240,45
322,0,8,5,1,3,80,NA,80,45
322,0,8,7,1,3,80,NA,-80,45
322,0,8,9,0,3,160,NA,160,25
322,0,8,24,0,3,80,NA,-80,25
323,0,8,0,1,3,320,NA,320,45
323,0,8,1,1,3,80,NA,-80,45
323,0,8,2,1,3,160,NA,160,45
323,0,8,3,1,3,160,NA,-160,45
323,0,8,8,0,3,160,NA,-160,25
323,0,8,9,0,3,240,NA,240,25
323,0,8,10,0,3,240,NA,-240,25
323,0,8,19,0,3,160,NA,160,25
323,0,8,27,0,3,160,NA,-160,25
323,0,8,28,0,3,80,NA,-80,25
324,0,8,0,1,3,320,NA,320,45
324,0,8,1,1,3,480,NA,480,45
324,0,8,3,1,3,160,NA,160,45
324,0,8,5,1,3,80,NA,-80,45
324,0,8,6,1,3,80,NA,-80,45
324,0,8,7,1,3,80,NA,80,45
324,0,8,9,0,3,160,NA,-160,25
324,0,8,10,0,3,80,NA,80,25
324,0,8,16,0,3,80,NA,-80,25
325,0,4,0,1,2,80,NA,80,45
325,0,4,1,1,2,80,NA,80,45
327,0,4,0,1,2,320,NA,-320,45
327,0,4,1,1,2,80,NA,80,45
327,0,4,2,0,2,80,NA,80,25
327,0,4,4,0,2,80,NA,80,25
328,0,4,0,1,2,80,NA,80,45
328,0,4,1,1,2,160,NA,-160,45
328,0,4,3,0,2,80,NA,80,25
328,0,4,4,0,2,80,NA,-80,25
328,0,4,6,0,2,80,NA,80,25
329,0,4,0,1,2,320,NA,320,45
329,0,4,4,0,2,80,NA,-80,25
330,0,4,0,1,2,160,NA,160,45
330,0,4,1,1,2,80,NA,-80,45
330,0,4,4,0,2,80,NA,-80,25
330,0,4,5,0,2,80,NA,80,25
330,0,4,6,0,2,80,NA,80,25
330,0,4,10,0,2,160,NA,160,25
331,2,4,0,1,2,160,NA,160,55
332,0,4,0,1,2,80,NA,80,45
333,0,8,0,1,3,80,NA,-80,45
333,2,8,0,1,3,160,NA,160,55
335,0,16,0,1,4,720,NA,-720,45
335,0,16,1,1,4,640,NA,640,45
335,0,16,2,1,4,560,NA,560,45
335,0,16,3,1,4,240,NA,240,45
335,0,16,4,1,4,240,NA,240,45
335,0,16,5,1,4,480,NA,-480,45
335,0,16,6,1,4,160,NA,-160,45
335,0,16,15,1,4,80,NA,80,45
335,0,16,16,1,4,240,NA,240,45
335,0,16,17,1,4,160,NA,160,45
335,0,16,18,1,4,240,NA,-240,45
335,0,16,19,1,4,160,NA,-160,45
335,0,16,20,1,4,320,NA,-320,45
335,0,16,21,1,4,160,NA,-160,45
335,0,16,22,1,4,160,NA,160,45
335,0,16,23,1,4,240,NA,240,45
335,0,16,26,1,4,80,NA,80,45
335,0,16,33,0,4,160,NA,-160,25
335,0,16,34,0,4,160,NA,-160,25
335,0,16,35,0,4,160,NA,-160,25
335,0,16,37,0,4,240,NA,240,25
335,0,16,38,0,4,240,NA,240,25
335,0,16,43,0,4,160,NA,-160,25
335,0,16,58,0,4,160,NA,-160,25
336,0,8,0,1,3,320,NA,-320,45
336,0,8,1,1,3,240,NA,240,45
336,0,8,3,1,3,160,NA,160,45
336,0,8,4,1,3,80,NA,80,45
336,0,8,9,0,3,80,NA,-80,25
336,0,8,11,0,3,80,NA,80,25
336,0,8,12,0,3,160,NA,-160,25
336,0,8,13,0,3,160,NA,-160,25
336,0,8,14,0,3,80,NA,80,25
336,0,8,23,0,3,80,NA,-80,25
338,0,8,0,1,3,320,NA,-320,45
338,0,8,1,1,3,240,NA,240,45
338,0,8,2,1,3,80,NA,-80,45
338,0,8,3,1,3,160,NA,160,45
338,0,8,4,1,3,160,NA,160,45
338,0,8,5,1,3,80,NA,-80,45
338,0,8,6,1,3,80,NA,-80,45
338,0,8,7,1,3,80,NA,80,45
338,0,8,8,0,3,80,NA,80,25
338,0,8,9,0,3,160,NA,160,25
338,0,8,10,0,3,80,NA,80,25
338,0,8,12,0,3,80,NA,80,25
338,0,8,13,0,3,80,NA,80,25
342,0,4,0,1,2,80,NA,80,45
342,0,4,2,0,2,80,NA,-80,25
342,0,4,3,0,2,160,NA,-160,25
342,0,4,6,0,2,80,NA,80,25
343,0,4,0,1,2,80,NA,80,45
344,0,4,0,1,2,80,NA,80,45
344,0,4,1,1,2,80,NA,-80,45
344,0,4,2,0,2,80,NA,-80,25
344,0,4,3,0,2,160,NA,160,25
347,0,4,0,1,2,80,NA,80,45
347,0,4,1,1,2,80,NA,80,45
348,0,4,0,1,2,80,NA,-80,45
348,0,4,1,1,2,80,NA,-80,45
348,0,4,2,0,2,80,NA,80,25
348,0,4,4,0,2,80,NA,80,25
351,0,16,0,1,4,80,NA,-80,45
